-- phpMyAdmin SQL Dump
-- version 4.6.4
-- https://www.phpmyadmin.net/
--
-- Host: 127.0.0.1
-- Generation Time: Feb 15, 2019 at 05:32 AM
-- Server version: 5.7.14
-- PHP Version: 5.6.25

SET SQL_MODE = "NO_AUTO_VALUE_ON_ZERO";
SET time_zone = "+00:00";


/*!40101 SET @OLD_CHARACTER_SET_CLIENT=@@CHARACTER_SET_CLIENT */;
/*!40101 SET @OLD_CHARACTER_SET_RESULTS=@@CHARACTER_SET_RESULTS */;
/*!40101 SET @OLD_COLLATION_CONNECTION=@@COLLATION_CONNECTION */;
/*!40101 SET NAMES utf8mb4 */;

--
-- Database: `carsale`
--

-- --------------------------------------------------------

--
-- Table structure for table `admin`
--

CREATE TABLE `admin` (
  `adminId` int(11) NOT NULL,
  `adminName` varchar(45) DEFAULT NULL,
  `adminPassword` varchar(45) DEFAULT NULL
) ENGINE=InnoDB DEFAULT CHARSET=latin1;

--
-- Dumping data for table `admin`
--

INSERT INTO `admin` (`adminId`, `adminName`, `adminPassword`) VALUES
(1, 'kyaw', 'kyaw'),
(2, 'htoo', 'htoo');

-- --------------------------------------------------------

--
-- Table structure for table `carcolor`
--

CREATE TABLE `carcolor` (
  `colorId` int(11) NOT NULL,
  `color` varchar(45) DEFAULT NULL
) ENGINE=InnoDB DEFAULT CHARSET=latin1;

--
-- Dumping data for table `carcolor`
--

INSERT INTO `carcolor` (`colorId`, `color`) VALUES
(1, 'White'),
(2, 'Black'),
(3, 'Red'),
(4, 'Pink'),
(5, 'Yellow'),
(6, 'Siliver'),
(7, 'Gray'),
(8, 'Gold'),
(9, 'Blue');

-- --------------------------------------------------------

--
-- Table structure for table `carenginepower`
--

CREATE TABLE `carenginepower` (
  `eId` int(11) NOT NULL,
  `enginePower` varchar(45) DEFAULT NULL
) ENGINE=InnoDB DEFAULT CHARSET=latin1;

--
-- Dumping data for table `carenginepower`
--

INSERT INTO `carenginepower` (`eId`, `enginePower`) VALUES
(1, '1000CC'),
(2, '1200CC'),
(3, '1600CC'),
(4, '1800CC'),
(5, '2000CC'),
(6, '2400CC'),
(7, '2500CC'),
(8, '3000CC'),
(9, '3400CC'),
(10, '3500CC'),
(11, '3800CC'),
(12, '4000CC'),
(13, '4300CC'),
(14, '6000CC'),
(15, '7300CC'),
(16, '7900CC'),
(17, '8200CC'),
(18, '10000CC');

-- --------------------------------------------------------

--
-- Table structure for table `carlicence`
--

CREATE TABLE `carlicence` (
  `licenceId` int(11) NOT NULL,
  `town` varchar(45) DEFAULT NULL
) ENGINE=InnoDB DEFAULT CHARSET=latin1;

--
-- Dumping data for table `carlicence`
--

INSERT INTO `carlicence` (`licenceId`, `town`) VALUES
(1, 'Yangon'),
(2, 'Mandalay'),
(3, 'Shan'),
(4, 'NayPyiTaw'),
(5, 'Bago'),
(6, 'Magway'),
(7, 'Kachin'),
(8, 'AYY');

-- --------------------------------------------------------

--
-- Table structure for table `carmodel`
--

CREATE TABLE `carmodel` (
  `modelId` int(11) NOT NULL,
  `model` varchar(45) DEFAULT NULL
) ENGINE=InnoDB DEFAULT CHARSET=latin1;

--
-- Dumping data for table `carmodel`
--

INSERT INTO `carmodel` (`modelId`, `model`) VALUES
(1, '1999'),
(2, '2000'),
(3, '2001'),
(4, '2002'),
(5, '2003'),
(6, '2004'),
(7, '2005'),
(8, '2006'),
(9, '2007'),
(10, '2008'),
(11, '2009'),
(12, '2010'),
(13, '2011'),
(14, '2012'),
(15, '2013'),
(16, '2014'),
(17, '2015'),
(18, '2016'),
(19, '2017');

-- --------------------------------------------------------

--
-- Table structure for table `carname`
--

CREATE TABLE `carname` (
  `carNameId` int(11) NOT NULL,
  `name` varchar(45) DEFAULT NULL,
  `carTypeId` int(11) DEFAULT NULL,
  `status` varchar(45) DEFAULT NULL
) ENGINE=InnoDB DEFAULT CHARSET=latin1;

--
-- Dumping data for table `carname`
--

INSERT INTO `carname` (`carNameId`, `name`, `carTypeId`, `status`) VALUES
(1, 'Mark 2', 1, 'on'),
(2, 'Corolla Axio', 1, 'on'),
(3, 'Mark X', 1, 'on'),
(4, 'Benz E250', 1, 'on'),
(5, 'Crown', 1, 'on'),
(6, 'Crown Royal Sloon', 1, 'on'),
(7, 'Crown Majesta', 1, 'on'),
(8, 'Civic Hybrid', 1, 'on'),
(9, 'Yaris', 1, 'on'),
(10, 'Malibu', 1, 'on'),
(11, 'Premio', 1, 'on'),
(12, 'Alliio', 1, 'on'),
(13, '320 i', 1, 'on'),
(14, 'Belta', 1, 'on'),
(15, 'Soarer', 2, 'on'),
(16, 'SC 430', 2, 'on'),
(17, 'Mustang', 2, 'on'),
(18, 'RX-8', 2, 'on'),
(19, 'Benz CLK 320', 2, 'on'),
(20, 'Crown Athlete', 2, 'on'),
(21, 'skyline', 2, 'on'),
(22, '350z', 2, 'on'),
(23, 'GT-R', 2, 'on'),
(24, 'Fairlady', 2, 'on'),
(25, 'lancer Evo', 2, 'on'),
(26, 'Mrs', 2, 'on'),
(27, 'Insight', 3, 'on'),
(28, 'Mini Cooper', 3, 'on'),
(29, 'Fit', 3, 'on'),
(30, 'Ractis', 3, 'on'),
(31, 'Fit Shuttle', 3, 'on'),
(32, 'March', 3, 'on'),
(33, 'Passo', 3, 'on'),
(34, 'A-1', 3, 'on'),
(35, 'Porte', 3, 'on'),
(36, 'Polo', 3, 'on'),
(37, 'Demio', 3, 'on'),
(38, 'Beetle', 3, 'on'),
(39, 'Gols', 3, 'on'),
(40, 'Yaris', 3, 'on'),
(41, 'Roox', 3, 'on'),
(42, 'Fit Shuttle', 4, 'on'),
(43, 'Wingroad', 4, 'on'),
(44, 'Ertiga', 4, 'on'),
(45, 'Corolla Fielder', 4, 'on'),
(46, 'Colt Plus', 4, 'on'),
(47, 'Succeed', 4, 'on'),
(48, 'AD Van', 4, 'on'),
(49, 'Carina Van', 4, 'on'),
(50, 'Cx-5', 5, 'on'),
(51, 'RAV-4', 5, 'on'),
(52, 'CR-V', 5, 'on'),
(53, 'Land Cruiser', 5, 'on'),
(54, 'Benzyl 550', 5, 'on'),
(55, 'Kluger', 5, 'on'),
(56, 'Juke', 5, 'on'),
(57, 'FJ Cruiser', 5, 'on'),
(58, 'X1', 5, 'on'),
(59, 'Vanguard', 5, 'on'),
(60, 'C-HR', 5, 'on'),
(61, 'Qush Qai', 5, 'on'),
(62, 'Rosa', 6, 'on'),
(63, 'Coulty', 6, 'on'),
(64, 'Coaster', 6, 'on'),
(65, 'Hi Ace', 6, 'on'),
(66, 'ZK 6809HA', 7, 'on'),
(67, 'KLQ 6856Q', 7, 'on'),
(68, 'Fuso', 8, 'on'),
(69, 'Selega', 8, 'on'),
(70, 'K 360', 8, 'on'),
(71, 'Celsior', 1, 'on'),
(72, 'X2', 5, 'on'),
(73, 'X5', 5, 'on'),
(74, '5 Series', 5, 'on'),
(75, '7 Series', 5, 'on'),
(76, 'Sail', 1, 'on'),
(77, 'Fit Aria', 1, 'on'),
(78, 'Celica', 2, 'on'),
(79, 'Copen', 2, 'on'),
(80, 'Jetta', 2, 'on'),
(81, 'Cube', 3, 'on'),
(82, 'Solio', 3, 'on'),
(83, 'Caldina', 4, 'on'),
(84, 'Aruis', 4, 'on'),
(85, 'Lancer', 4, 'on'),
(86, 'Mark 2 Bit', 4, 'on'),
(87, 'Avensis', 4, 'on'),
(88, 'Partner', 4, 'on'),
(89, 'Airwave', 4, 'on'),
(90, 'Explorer', 5, 'on'),
(91, 'Captiva', 5, 'on'),
(92, 'X4', 5, 'on'),
(93, 'Surf', 5, 'on'),
(94, 'RX-350', 5, 'on'),
(95, 'XC-90', 5, 'on'),
(96, 'RX-300', 5, 'on'),
(97, 'NX-200t', 5, 'on'),
(98, 'RVR', 5, 'on'),
(99, 'Hummer', 5, 'on'),
(100, 'Land Rover', 5, 'on'),
(101, 'Vezel Hybrid', 5, 'on'),
(102, 'TrailBlazer', 5, 'on'),
(103, 'EQ6663PC', 6, 'on'),
(104, 'KLQ6608D1', 6, 'on'),
(105, 'Liesse', 6, 'on'),
(106, 'KLQ6540', 6, 'on'),
(107, 'Grand Starex', 6, 'on'),
(108, 'KLQ6758E', 7, 'on'),
(109, 'ZK6752D', 7, 'on'),
(110, 'KLQ6796E', 7, 'on'),
(111, 'ZK6808H', 7, 'on'),
(112, 'BS106', 7, 'on'),
(113, 'Aero City', 7, 'on'),
(114, 'Aero Town', 7, 'on'),
(115, 'Global', 7, 'on'),
(116, 'K 380', 8, 'on'),
(117, 'A80', 8, 'on'),
(118, 'ZK6799HA', 8, 'on'),
(119, 'KLQ67980', 8, 'on'),
(120, 'Aero Space', 8, 'on'),
(121, 'Universe', 8, 'on'),
(122, 'ZK6127H', 8, 'on'),
(123, 'Alphard', 5, 'on');

-- --------------------------------------------------------

--
-- Table structure for table `cartype`
--

CREATE TABLE `cartype` (
  `carTypeId` int(11) NOT NULL,
  `carTypeName` varchar(45) DEFAULT NULL
) ENGINE=InnoDB DEFAULT CHARSET=latin1;

--
-- Dumping data for table `cartype`
--

INSERT INTO `cartype` (`carTypeId`, `carTypeName`) VALUES
(1, 'Sedan'),
(2, 'Sports'),
(3, 'Hatchback'),
(4, 'Station Wagon'),
(5, 'SUV'),
(6, 'Mini Bus'),
(7, 'City Bus'),
(8, 'Express Bus');

-- --------------------------------------------------------

--
-- Table structure for table `checkall`
--

CREATE TABLE `checkall` (
  `carId` int(11) NOT NULL,
  `colorId` int(11) NOT NULL,
  `modelId` int(11) NOT NULL,
  `carNameId` int(11) NOT NULL,
  `carTypeId` int(11) NOT NULL,
  `eId` int(11) NOT NULL,
  `priceId` int(11) NOT NULL,
  `licenceId` int(11) NOT NULL,
  `control` int(11) NOT NULL,
  `petrol` int(11) NOT NULL,
  `handDrive` int(11) NOT NULL,
  `companyId` int(11) NOT NULL,
  `photo` varchar(200) DEFAULT NULL
) ENGINE=InnoDB DEFAULT CHARSET=latin1;

--
-- Dumping data for table `checkall`
--

INSERT INTO `checkall` (`carId`, `colorId`, `modelId`, `carNameId`, `carTypeId`, `eId`, `priceId`, `licenceId`, `control`, `petrol`, `handDrive`, `companyId`, `photo`) VALUES
(1, 1, 4, 1, 1, 5, 1, 1, 1, 1, 1, 4, '/CarSelling/image/m2white.jpg'),
(2, 2, 14, 2, 1, 2, 5, 2, 1, 1, 1, 4, '/CarSelling/image/corollaaxioblack.jpg'),
(3, 1, 14, 3, 1, 7, 5, 1, 1, 1, 1, 4, '/CarSelling/image/markxwhite.jpg'),
(4, 1, 16, 4, 1, 5, 10, 1, 1, 1, 1, 3, '/CarSelling/image/benz350white.jpg'),
(5, 2, 14, 3, 1, 7, 7, 1, 1, 1, 1, 4, '/CarSelling/image/markxblack.jpg'),
(6, 1, 10, 6, 1, 8, 8, 2, 1, 1, 1, 4, '/CarSelling/image/crownwhite.jpg'),
(7, 1, 5, 6, 1, 9, 7, 1, 1, 1, 1, 4, '/CarSelling/image/crownwhite.jpg'),
(8, 7, 14, 3, 1, 7, 8, 1, 1, 1, 1, 4, '/CarSelling/image/markxgary.jpg'),
(9, 2, 7, 7, 1, 10, 5, 1, 1, 1, 1, 4, '/CarSelling/image/majesta.jpg'),
(10, 6, 12, 8, 1, 2, 4, 1, 1, 1, 1, 6, '/CarSelling/image/hybridsilver.jpg'),
(11, 1, 2, 8, 1, 5, 2, 1, 1, 1, 1, 4, '/CarSelling/image/hybridwhite.jpg'),
(12, 6, 16, 9, 1, 2, 3, 1, 1, 1, 1, 4, '/CarSelling/image/yarissilver.jpg'),
(13, 1, 14, 3, 1, 7, 8, 1, 1, 1, 1, 4, '/CarSelling/image/markxwhite.jpg'),
(14, 2, 20, 10, 1, 5, 7, 2, 1, 1, 1, 7, '/CarSelling/image/yarisblack.jpg'),
(15, 2, 11, 8, 1, 2, 4, 1, 1, 1, 1, 6, '/CarSelling/image/hybridblack.jpg'),
(16, 6, 15, 3, 1, 7, 5, 1, 1, 1, 1, 4, '/CarSelling/image/markxsilver.jpg'),
(17, 1, 10, 11, 1, 4, 7, 2, 1, 1, 1, 4, '/CarSelling/image/premiowhite.jpg'),
(18, 1, 8, 6, 1, 8, 6, 3, 1, 1, 1, 4, '/CarSelling/image/crownwhite.jpg'),
(19, 1, 10, 3, 1, 8, 8, 4, 1, 1, 1, 4, '/CarSelling/image/markxwhite.jpg'),
(20, 1, 8, 12, 1, 4, 7, 1, 1, 1, 1, 4, '/CarSelling/image/allionwhite.jpg'),
(21, 3, 14, 13, 1, 5, 10, 4, 1, 1, 1, 8, '/CarSelling/image/320ired.jpg'),
(22, 1, 13, 14, 1, 2, 3, 1, 1, 1, 1, 4, '/CarSelling/image/beltawhite.jpg'),
(23, 2, 4, 15, 2, 10, 4, 1, 1, 1, 1, 4, '/CarSelling/image/soarerblack.jpg'),
(24, 8, 3, 16, 2, 10, 4, 2, 1, 1, 1, 9, '/CarSelling/image/430gold.jpg'),
(25, 3, 5, 17, 2, 9, 4, 1, 1, 1, 1, 1, '/CarSelling/image/mustangred.jpg'),
(26, 3, 9, 18, 2, 2, 1, 2, 1, 1, 1, 2, '/CarSelling/image/Rx8red.jpg'),
(27, 6, 9, 18, 2, 2, 1, 2, 1, 1, 1, 2, '/CarSelling/image/rx8silver.jpg'),
(28, 2, 9, 18, 2, 4, 1, 2, 1, 1, 1, 2, '/CarSelling/image/rx8black.jpg'),
(29, 1, 1, 19, 2, 9, 4, 1, 1, 1, 1, 3, '/CarSelling/image/320white.jpg'),
(30, 1, 5, 20, 2, 8, 5, 1, 1, 1, 1, 4, '/CarSelling/image/crownwhite.jpg'),
(31, 7, 10, 18, 2, 2, 1, 2, 1, 1, 1, 2, '/CarSelling/image/rx8gray.jpg'),
(32, 6, 4, 21, 2, 6, 1, 1, 1, 1, 1, 5, '/CarSelling/image/skylinesilver.jpg'),
(33, 2, 4, 22, 2, 10, 4, 2, 1, 1, 1, 5, '/CarSelling/image/350iblack.jpg'),
(34, 6, 9, 23, 2, 11, 15, 1, 1, 1, 1, 5, '/CarSelling/image/gtrsilver.jpg'),
(35, 7, 5, 16, 2, 13, 6, 1, 1, 1, 1, 4, '/CarSelling/image/sc430gray.jpg'),
(36, 3, 12, 21, 2, 11, 9, 1, 1, 1, 1, 5, '/CarSelling/image/skylinered.jpg'),
(37, 3, 4, 24, 2, 10, 3, 1, 1, 1, 1, 5, '/CarSelling/image/fairlayred.jpg'),
(38, 2, 5, 25, 2, 5, 3, 1, 1, 1, 1, 7, '/CarSelling/image/fairladyblack.jpg'),
(39, 5, 2, 26, 2, 5, 2, 1, 1, 1, 1, 4, '/CarSelling/image/evoblack.jpg'),
(40, 1, 14, 27, 3, 2, 2, 1, 1, 1, 1, 8, '/CarSelling/image/insightwhite.jpg'),
(41, 1, 14, 27, 3, 2, 3, 1, 1, 1, 1, 8, '/CarSelling/image/insightwhite.jpg'),
(42, 1, 13, 28, 3, 3, 7, 1, 1, 1, 1, 6, '/CarSelling/image/minicooperwhite.jpg'),
(43, 4, 13, 29, 3, 2, 2, 1, 1, 1, 1, 8, '/CarSelling/image/fitpink.jpg'),
(44, 1, 11, 29, 3, 2, 2, 1, 1, 1, 1, 8, '/CarSelling/image/fitwhite.jpg'),
(45, 6, 13, 30, 3, 2, 3, 2, 1, 1, 1, 4, '/CarSelling/image/ractissilver.jpg'),
(46, 7, 14, 31, 3, 2, 4, 1, 1, 1, 1, 8, '/CarSelling/image/shuttlegray.jpg'),
(47, 4, 13, 32, 3, 2, 1, 2, 1, 1, 1, 5, '/CarSelling/image/marchpink.jpg'),
(48, 1, 13, 27, 3, 2, 4, 5, 1, 1, 1, 8, '/CarSelling/image/insightwhite.jpg'),
(49, 7, 10, 33, 3, 1, 1, 8, 1, 1, 1, 4, '/CarSelling/image/passogray.jpg'),
(50, 2, 14, 34, 3, 3, 8, 1, 1, 1, 1, 11, '/CarSelling/image/a1black.jpg'),
(51, 1, 15, 35, 3, 2, 3, 5, 1, 1, 1, 4, '/CarSelling/image/portewhite.jpg'),
(52, 2, 14, 36, 3, 2, 4, 1, 1, 1, 1, 10, '/CarSelling/image/poloblack.jpg'),
(53, 2, 13, 36, 3, 2, 5, 1, 1, 1, 1, 10, '/CarSelling/image/poloblack.jpg'),
(54, 6, 2, 37, 3, 2, 2, 1, 1, 1, 1, 2, '/CarSelling/image/demiosilver.jpg'),
(55, 5, 14, 38, 3, 2, 5, 1, 1, 1, 1, 10, '/CarSelling/image/bettleyellow.jpg'),
(56, 6, 15, 39, 3, 2, 6, 2, 1, 1, 1, 10, '/CarSelling/image/golssilver.jpg'),
(57, 7, 16, 40, 3, 2, 3, 2, 1, 1, 1, 4, '/CarSelling/image/yarisgray.jpg'),
(58, 2, 13, 41, 3, 1, 1, 2, 1, 1, 1, 5, '/CarSelling/image/rooxblack.jpg'),
(59, 2, 14, 42, 4, 2, 4, 1, 1, 1, 1, 8, '/CarSelling/image/shuttleblack.jpg'),
(60, 6, 11, 43, 4, 3, 2, 2, 1, 1, 1, 5, '/CarSelling/image/wingroadsilver.jpg'),
(61, 9, 10, 43, 4, 4, 2, 1, 1, 1, 1, 5, '/CarSelling/image/wingroadblue.jpg'),
(62, 1, 19, 44, 4, 3, 3, 1, 1, 1, 1, 9, '/CarSelling/image/rooxwhite.jpg'),
(63, 7, 8, 45, 4, 3, 3, 1, 1, 1, 1, 4, '/CarSelling/image/fitgray.jpg'),
(64, 1, 13, 45, 4, 3, 6, 1, 1, 1, 1, 4, '/CarSelling/image/m2white.jpg'),
(65, 1, 14, 45, 4, 3, 6, 1, 1, 1, 1, 4, '/CarSelling/image/m2white.jpg'),
(66, 1, 10, 46, 4, 3, 2, 1, 1, 1, 1, 7, '/CarSelling/image/m2white.jpg'),
(67, 1, 8, 47, 4, 3, 3, 1, 1, 1, 1, 4, '/CarSelling/image/rooxwhite.jpg'),
(68, 1, 12, 48, 4, 3, 1, 2, 1, 1, 1, 5, '/CarSelling/image/markxwhite.jpg'),
(69, 6, 1, 49, 4, 3, 1, 1, 1, 1, 1, 4, '/CarSelling/image/markxwhite.jpg'),
(70, 3, 18, 50, 5, 5, 12, 1, 1, 1, 1, 2, '/CarSelling/image/cx5red.jpg'),
(71, 1, 6, 51, 5, 4, 5, 1, 1, 1, 1, 4, '/CarSelling/image/rav4white.jpg'),
(72, 1, 14, 52, 5, 5, 11, 1, 1, 1, 1, 8, '/CarSelling/image/markxwhite.jpg'),
(73, 7, 6, 53, 5, 8, 9, 1, 1, 1, 1, 4, '/CarSelling/image/landcruisergray.jpg'),
(74, 1, 10, 54, 5, 13, 12, 1, 1, 1, 1, 3, '/CarSelling/image/320white.jpg'),
(75, 2, 6, 55, 5, 6, 6, 1, 1, 1, 1, 4, '/CarSelling/image/klugerblack.jpg'),
(76, 1, 2, 56, 5, 3, 6, 1, 1, 1, 1, 5, '/CarSelling/image/jukewhite.jpg'),
(77, 7, 6, 53, 5, 12, 13, 1, 1, 1, 1, 4, '/CarSelling/image/landcruisergray.jpg'),
(78, 3, 12, 56, 5, 3, 6, 1, 1, 1, 1, 5, '/CarSelling/image/jukered.jpg'),
(79, 1, 10, 53, 5, 13, 18, 1, 1, 1, 1, 4, '/CarSelling/image/landcruiserwhite.jpg'),
(80, 1, 13, 57, 5, 12, 14, 1, 1, 1, 1, 4, '/CarSelling/image/markxwhite.jpg'),
(81, 6, 8, 55, 5, 6, 7, 1, 1, 1, 1, 4, '/CarSelling/image/klugersilver.jpg'),
(82, 2, 12, 58, 5, 5, 8, 1, 1, 1, 1, 6, '/CarSelling/image/suvblack.jpg'),
(83, 1, 7, 55, 5, 6, 7, 1, 1, 1, 1, 4, '/CarSelling/image/klugerwhite.jpg'),
(84, 1, 14, 52, 5, 5, 10, 1, 1, 1, 1, 8, '/CarSelling/image/klugerwhite.jpg'),
(85, 1, 15, 52, 5, 5, 11, 1, 1, 1, 1, 8, '/CarSelling/image/m2white.jpg'),
(86, 1, 13, 59, 5, 6, 10, 1, 1, 1, 1, 4, '/CarSelling/image/vanguardwhite.jpg'),
(87, 2, 14, 59, 5, 6, 11, 1, 1, 1, 1, 4, '/CarSelling/image/vanguardblack.jpg'),
(88, 2, 18, 60, 5, 2, 12, 1, 1, 1, 1, 4, '/CarSelling/image/markxblack.jpg'),
(89, 1, 18, 61, 5, 2, 9, 1, 1, 1, 1, 5, '/CarSelling/image/landcruiserwhite.jpg'),
(90, 1, 11, 62, 6, 13, 7, 1, 1, 1, 1, 7, '/CarSelling/image/rosawhite.jpg'),
(91, 5, 9, 63, 6, 12, 5, 1, 1, 1, 1, 12, '/CarSelling/image/coultyyellow.jpg'),
(92, 1, 10, 65, 6, 7, 4, 1, 1, 1, 1, 4, '/CarSelling/image/hiacewhite.jpg'),
(93, 1, 2, 66, 7, 14, 4, 2, 1, 1, 1, 13, '/CarSelling/image/citybuswhite.jpg'),
(94, 1, 10, 67, 7, 15, 4, 2, 1, 1, 1, 14, '/CarSelling/image/citybuswhite.jpg'),
(95, 7, 1, 68, 8, 17, 7, 2, 1, 1, 1, 7, '/CarSelling/image/fusogray.jpg'),
(96, 7, 1, 69, 8, 16, 7, 2, 1, 1, 1, 15, '/CarSelling/image/selegagray.jpg'),
(97, 4, 15, 70, 8, 18, 18, 1, 1, 1, 1, 16, '/CarSelling/image/k360pink.jpg'),
(98, 8, 2, 68, 8, 17, 7, 6, 1, 1, 1, 7, '/CarSelling/image/fusogold.jpg'),
(99, 9, 3, 69, 8, 16, 7, 4, 1, 1, 1, 15, '/CarSelling/image/selegablue.jpg'),
(100, 1, 5, 71, 1, 13, 7, 1, 1, 1, 1, 4, '/CarSelling/image/celsiorwhite.jpg'),
(101, 2, 5, 71, 1, 13, 7, 1, 1, 1, 1, 4, '/CarSelling/image/celsiorblack.jpg'),
(102, 2, 5, 71, 1, 13, 7, 2, 1, 1, 1, 4, '/CarSelling/image/celsiorblack.jpg'),
(103, 3, 5, 71, 1, 13, 6, 8, 1, 1, 1, 4, '/CarSelling/image/celsior.jpg'),
(104, 9, 5, 71, 1, 13, 6, 7, 1, 1, 1, 4, '/CarSelling/image/celsiorblue.jpg'),
(105, 3, 13, 14, 1, 2, 4, 1, 1, 1, 1, 4, '/CarSelling/image/beltared.jpg'),
(106, 6, 13, 14, 1, 2, 3, 2, 1, 1, 1, 4, '/CarSelling/image/beltasilver.jpg'),
(107, 1, 13, 14, 1, 2, 3, 8, 1, 1, 1, 4, '/CarSelling/image/beltawhite.jpg'),
(108, 1, 14, 2, 1, 2, 3, 5, 1, 1, 1, 4, '/CarSelling/image/corollaaxiowhite.jpg'),
(109, 1, 14, 2, 1, 2, 5, 1, 1, 1, 1, 4, '/CarSelling/image/corollaaxiowhite.jpg'),
(110, 7, 14, 2, 1, 2, 4, 1, 1, 1, 1, 4, '/CarSelling/image/corollaaxiogray.jpg'),
(111, 9, 14, 2, 1, 2, 4, 1, 1, 1, 1, 4, '/CarSelling/image/corollaaxioblue.jpg'),
(112, 6, 15, 2, 1, 2, 5, 1, 1, 1, 1, 4, '/CarSelling/image/corollaaxiosilver.jpg'),
(113, 1, 6, 1, 1, 5, 4, 2, 1, 1, 1, 4, '/CarSelling/image/m2white.jpg'),
(114, 7, 5, 1, 1, 5, 4, 1, 1, 1, 1, 4, '/CarSelling/image/markgray.jpg'),
(115, 6, 9, 3, 1, 6, 5, 2, 1, 1, 1, 4, '/CarSelling/image/marksilver.jpg'),
(116, 1, 9, 3, 1, 6, 7, 1, 1, 1, 1, 4, '/CarSelling/image/markwhite.jpg'),
(117, 2, 7, 3, 1, 6, 7, 8, 1, 1, 1, 4, '/CarSelling/image/markxblack.jpg'),
(118, 1, 12, 3, 1, 6, 13, 1, 1, 1, 1, 4, '/CarSelling/image/m2white.jpg'),
(119, 2, 12, 3, 1, 6, 12, 3, 1, 1, 1, 4, '/CarSelling/image/markxblack.jpg'),
(120, 1, 2, 3, 1, 2, 3, 1, 2, 3, 1, 2, '/CarSelling/image/m2white.jpg'),
(121, 1, 12, 1, 1, 4, 8, 2, 1, 1, 1, 1, '/CarSelling/image/m2white.jpg'),
(122, 1, 13, 72, 1, 2, 16, 5, 1, 1, 6, 11, '/CarSelling/image/m2white.jpg'),
(123, 1, 14, 72, 1, 2, 16, 5, 1, 1, 6, 11, '/CarSelling/image/m2white.jpg'),
(124, 2, 18, 74, 1, 7, 6, 1, 1, 2, 6, 4, '/CarSelling/image/markxblack.jpg'),
(125, 2, 18, 75, 1, 2, 6, 1, 1, 2, 6, 2, '/CarSelling/image/markxblack.jpg'),
(126, 1, 6, 1, 1, 5, 8, 2, 1, 1, 1, 4, '/CarSelling/image/m2white.jpg'),
(127, 2, 5, 1, 1, 5, 4, 3, 1, 1, 1, 4, '/CarSelling/image/markxblack.jpg'),
(128, 3, 5, 1, 1, 5, 5, 1, 1, 1, 1, 4, '/CarSelling/image/markred.jpg'),
(129, 6, 5, 1, 1, 5, 4, 5, 1, 1, 1, 4, '/CarSelling/image/marksilver.jpg'),
(130, 7, 5, 1, 1, 5, 3, 4, 1, 1, 1, 4, '/CarSelling/image/markgray.jpg'),
(131, 9, 4, 1, 1, 5, 3, 8, 1, 1, 1, 4, '/CarSelling/image/markblue.jpg'),
(132, 6, 14, 2, 1, 2, 5, 2, 1, 1, 1, 4, '/CarSelling/image/corollaaxiosilver.jpg'),
(133, 5, 14, 2, 1, 2, 5, 6, 1, 1, 1, 4, '/CarSelling/image/corollaaxioyellow.jpg'),
(134, 7, 13, 2, 1, 2, 4, 5, 1, 1, 1, 4, '/CarSelling/image/corollaaxiogray.jpg'),
(135, 8, 13, 2, 1, 2, 4, 2, 1, 1, 1, 4, '/CarSelling/image/corollaaxiogold.jpg'),
(136, 9, 10, 2, 1, 2, 4, 1, 1, 1, 1, 4, '/CarSelling/image/corollaaxioblue.jpg'),
(137, 6, 7, 3, 1, 7, 7, 1, 1, 1, 1, 4, '/CarSelling/image/marksilver.jpg'),
(138, 6, 7, 3, 1, 7, 7, 2, 1, 1, 1, 4, '/CarSelling/image/marksilver.jpg'),
(139, 9, 8, 3, 1, 7, 7, 5, 1, 1, 1, 4, '/CarSelling/image/markblue.jpg'),
(140, 2, 8, 3, 1, 8, 7, 8, 1, 1, 1, 4, '/CarSelling/image/markblack.jpg'),
(141, 1, 9, 3, 1, 8, 8, 4, 1, 1, 1, 4, '/CarSelling/image/markwhite.jpg'),
(142, 7, 9, 3, 1, 8, 8, 4, 1, 1, 1, 4, '/CarSelling/image/markgray.jpg'),
(143, 7, 11, 3, 1, 8, 17, 2, 1, 1, 1, 4, '/CarSelling/image/markgray.jpg'),
(144, 3, 11, 3, 1, 7, 16, 3, 1, 1, 1, 4, '/CarSelling/image/markred.jpg'),
(145, 3, 16, 4, 1, 5, 17, 1, 1, 1, 1, 3, '/CarSelling/image/benzred.jpg'),
(146, 6, 15, 4, 1, 5, 16, 4, 1, 1, 1, 3, '/CarSelling/image/benzsilver.jpg'),
(147, 8, 15, 4, 1, 5, 16, 8, 1, 1, 1, 3, '/CarSelling/image/benzgold.jpg'),
(148, 7, 16, 4, 1, 5, 17, 7, 1, 1, 1, 3, '/CarSelling/image/benzgray.jpg'),
(149, 2, 14, 4, 1, 5, 15, 5, 1, 1, 1, 3, '/CarSelling/image/benzblack.jpg'),
(150, 1, 14, 4, 1, 5, 15, 2, 1, 1, 1, 3, '/CarSelling/image/benzwhite.jpg'),
(151, 5, 5, 5, 1, 8, 4, 1, 1, 1, 1, 4, '/CarSelling/image/crownyellow.jpg'),
(152, 6, 5, 5, 1, 8, 4, 4, 1, 1, 1, 4, '/CarSelling/image/crownsilver.jpg'),
(153, 1, 6, 5, 1, 10, 7, 2, 1, 1, 1, 4, '/CarSelling/image/crownwhite.jpg'),
(154, 2, 6, 5, 1, 8, 6, 1, 1, 1, 1, 4, '/CarSelling/image/crownblack.jpg'),
(155, 5, 6, 5, 1, 10, 5, 6, 1, 1, 1, 4, '/CarSelling/image/crownyellow.jpg'),
(156, 2, 7, 7, 1, 13, 5, 4, 1, 1, 1, 4, '/CarSelling/image/majestablack.jpg'),
(157, 4, 7, 7, 1, 13, 6, 1, 1, 1, 1, 4, '/CarSelling/image/majestapink.jpg'),
(158, 3, 7, 7, 1, 13, 5, 2, 1, 1, 1, 4, '/CarSelling/image/majestared.jpg'),
(159, 3, 6, 7, 1, 13, 4, 6, 1, 1, 1, 4, '/CarSelling/image/majestared.jpg'),
(160, 1, 6, 7, 1, 10, 5, 8, 1, 1, 1, 4, '/CarSelling/image/magestawhite.jpg'),
(161, 1, 6, 7, 1, 10, 5, 4, 1, 1, 1, 4, '/CarSelling/image/magestawhite.jpg'),
(162, 7, 12, 8, 1, 2, 4, 4, 1, 1, 1, 8, '/CarSelling/image/fitgray.jpg'),
(163, 3, 12, 8, 1, 2, 4, 5, 1, 1, 1, 8, '/CarSelling/image/320ired.jpg'),
(164, 4, 13, 8, 1, 2, 5, 6, 1, 1, 1, 8, '/CarSelling/image/fitpink.jpg'),
(165, 1, 13, 8, 1, 2, 5, 7, 1, 1, 1, 8, '/CarSelling/image/m2white.jpg'),
(166, 4, 17, 9, 1, 2, 3, 2, 1, 1, 1, 4, '/CarSelling/image/fitpink.jpg'),
(167, 1, 17, 9, 1, 2, 4, 1, 1, 1, 1, 4, '/CarSelling/image/m2white.jpg'),
(168, 7, 18, 9, 1, 2, 4, 5, 1, 1, 1, 4, '/CarSelling/image/fitgray.jpg'),
(169, 3, 18, 9, 1, 2, 4, 7, 1, 1, 1, 4, '/CarSelling/image/320ired.jpg'),
(170, 2, 19, 10, 1, 5, 11, 1, 1, 1, 1, 17, '/CarSelling/image/320iblack.jpg'),
(171, 3, 19, 10, 1, 5, 10, 7, 1, 1, 1, 17, '/CarSelling/image/320ired.jpg'),
(172, 1, 18, 10, 1, 5, 8, 2, 1, 1, 1, 17, '/CarSelling/image/m2white.jpg'),
(173, 4, 17, 10, 1, 5, 7, 5, 1, 1, 1, 17, '/CarSelling/image/fitpink.jpg'),
(174, 6, 13, 11, 1, 4, 8, 4, 1, 1, 1, 4, '/CarSelling/image/rooxsilver.jpg'),
(175, 7, 13, 11, 1, 4, 8, 6, 1, 1, 1, 4, '/CarSelling/image/fitgray.jpg'),
(176, 3, 12, 11, 1, 4, 7, 3, 1, 1, 1, 4, '/CarSelling/image/320ired.jpg'),
(177, 2, 12, 11, 1, 4, 7, 7, 1, 1, 1, 4, '/CarSelling/image/320iblack.jpg'),
(178, 1, 12, 11, 1, 4, 8, 1, 1, 1, 1, 4, '/CarSelling/image/m2white.jpg'),
(179, 1, 14, 12, 1, 4, 10, 1, 1, 1, 1, 4, '/CarSelling/image/m2white.jpg'),
(180, 2, 14, 12, 1, 4, 9, 8, 1, 1, 1, 4, '/CarSelling/image/320iblack.jpg'),
(181, 3, 13, 12, 1, 4, 8, 3, 1, 1, 1, 4, '/CarSelling/image/320ired.jpg'),
(182, 6, 13, 12, 1, 4, 8, 5, 1, 1, 1, 4, '/CarSelling/image/rooxsilver.jpg'),
(183, 7, 13, 12, 1, 4, 8, 4, 1, 1, 1, 4, '/CarSelling/image/fitgray.jpg'),
(184, 4, 14, 13, 1, 5, 14, 1, 1, 1, 1, 6, '/CarSelling/image/fitpink.jpg'),
(185, 6, 14, 13, 1, 5, 14, 4, 1, 1, 1, 6, '/CarSelling/image/rooxsilver.jpg'),
(186, 3, 13, 13, 1, 5, 13, 6, 1, 1, 1, 6, '/CarSelling/image/320ired.jpg'),
(187, 2, 12, 13, 1, 5, 11, 1, 1, 1, 1, 6, '/CarSelling/image/320iblack.jpg'),
(188, 3, 13, 14, 1, 2, 3, 4, 1, 1, 1, 4, '/CarSelling/image/320ired.jpg'),
(189, 4, 13, 14, 1, 2, 3, 5, 1, 1, 1, 4, '/CarSelling/image/fitpink.jpg'),
(190, 5, 13, 14, 1, 2, 3, 3, 1, 1, 1, 4, '/CarSelling/image/bettleyellow.jpg'),
(191, 2, 10, 14, 1, 2, 2, 2, 1, 1, 1, 4, '/CarSelling/image/320iblack.jpg'),
(192, 2, 10, 14, 1, 2, 2, 1, 1, 1, 1, 4, '/CarSelling/image/320iblack.jpg'),
(193, 1, 4, 15, 2, 13, 5, 1, 2, 1, 1, 4, '/CarSelling/image/m2white.jpg'),
(194, 1, 4, 15, 2, 13, 5, 4, 2, 1, 1, 4, '/CarSelling/image/m2white.jpg'),
(195, 2, 5, 15, 2, 13, 6, 6, 2, 1, 1, 4, '/CarSelling/image/320iblack.jpg'),
(196, 4, 5, 15, 2, 13, 6, 9, 2, 1, 1, 4, '/CarSelling/image/fitpink.jpg'),
(197, 3, 5, 15, 2, 13, 6, 3, 2, 1, 1, 4, '/CarSelling/image/320ired.jpg'),
(198, 2, 3, 16, 2, 13, 5, 2, 1, 1, 1, 18, '/CarSelling/image/320iblack.jpg'),
(199, 3, 3, 16, 2, 13, 5, 2, 1, 1, 1, 18, '/CarSelling/image/320ired.jpg'),
(200, 1, 3, 16, 2, 13, 5, 4, 2, 1, 1, 18, '/CarSelling/image/m2white.jpg'),
(201, 1, 4, 16, 2, 13, 6, 1, 1, 1, 1, 18, '/CarSelling/image/m2white.jpg'),
(202, 4, 4, 16, 2, 13, 6, 2, 2, 1, 1, 18, '/CarSelling/image/fitpink.jpg'),
(203, 6, 4, 16, 2, 13, 6, 2, 2, 1, 1, 18, '/CarSelling/image/rooxsilver.jpg'),
(204, 3, 5, 17, 2, 11, 4, 3, 2, 1, 1, 1, '/CarSelling/image/320ired.jpg'),
(205, 3, 5, 17, 2, 11, 4, 4, 2, 1, 1, 1, '/CarSelling/image/mustangred.jpg'),
(206, 4, 4, 17, 2, 11, 3, 5, 1, 1, 1, 1, '/CarSelling/image/fitpink.jpg'),
(207, 5, 4, 17, 2, 11, 3, 2, 2, 1, 1, 1, '/CarSelling/image/bettleyellow.jpg'),
(208, 6, 4, 17, 2, 11, 3, 1, 1, 1, 1, 1, '/CarSelling/image/rooxsilver.jpg'),
(209, 3, 9, 18, 2, 2, 1, 2, 1, 1, 1, 2, '/CarSelling/image/320ired.jpg'),
(210, 4, 9, 18, 2, 2, 1, 1, 1, 1, 1, 2, '/CarSelling/image/fitpink.jpg'),
(211, 5, 9, 18, 2, 2, 1, 4, 2, 1, 1, 2, '/CarSelling/image/bettleyellow.jpg'),
(212, 1, 10, 18, 2, 2, 2, 4, 1, 1, 1, 2, '/CarSelling/image/m2white.jpg'),
(213, 2, 10, 18, 2, 2, 2, 1, 2, 1, 1, 2, '/CarSelling/image/320iblack.jpg'),
(214, 3, 10, 18, 2, 2, 2, 2, 2, 1, 1, 2, '/CarSelling/image/320ired.jpg'),
(215, 2, 1, 19, 2, 9, 4, 4, 1, 1, 1, 3, '/CarSelling/image/320iblack.jpg'),
(216, 2, 1, 19, 2, 9, 4, 8, 2, 1, 1, 3, '/CarSelling/image/320iblack.jpg'),
(217, 3, 1, 19, 2, 9, 4, 2, 2, 1, 1, 3, '/CarSelling/image/320ired.jpg'),
(218, 6, 2, 19, 2, 9, 5, 1, 2, 1, 1, 3, '/CarSelling/image/rooxsilver.jpg'),
(219, 7, 2, 19, 2, 9, 5, 1, 2, 1, 1, 3, '/CarSelling/image/fitgray.jpg'),
(220, 2, 6, 20, 2, 8, 5, 4, 1, 1, 1, 4, '/CarSelling/image/320iblack.jpg'),
(221, 4, 6, 20, 2, 8, 5, 3, 1, 1, 1, 4, '/CarSelling/image/fitpink.jpg'),
(222, 6, 6, 20, 2, 8, 5, 4, 1, 1, 1, 4, '/CarSelling/image/rooxsilver.jpg'),
(223, 7, 6, 20, 2, 8, 5, 2, 1, 1, 1, 4, '/CarSelling/image/fitgray.jpg'),
(224, 1, 6, 20, 2, 8, 6, 1, 1, 1, 1, 4, '/CarSelling/image/m2white.jpg'),
(225, 6, 4, 21, 2, 7, 1, 4, 2, 1, 1, 5, '/CarSelling/image/rooxsilver.jpg'),
(226, 4, 4, 21, 2, 7, 1, 2, 2, 1, 1, 5, '/CarSelling/image/fitpink.jpg'),
(227, 3, 4, 21, 2, 7, 1, 4, 2, 1, 1, 5, '/CarSelling/image/320ired.jpg'),
(228, 1, 4, 21, 2, 7, 2, 1, 2, 1, 1, 5, '/CarSelling/image/m2white.jpg'),
(229, 1, 5, 21, 2, 7, 2, 1, 2, 1, 1, 5, '/CarSelling/image/m2white.jpg'),
(230, 2, 4, 22, 2, 10, 4, 5, 1, 1, 1, 5, '/CarSelling/image/320iblack.jpg'),
(231, 4, 4, 22, 2, 10, 4, 4, 2, 1, 1, 5, '/CarSelling/image/fitpink.jpg'),
(232, 3, 4, 22, 2, 10, 4, 3, 2, 1, 1, 5, '/CarSelling/image/320ired.jpg'),
(233, 5, 4, 22, 2, 10, 4, 2, 1, 1, 1, 5, '/CarSelling/image/bettleyellow.jpg'),
(234, 6, 9, 23, 2, 11, 15, 4, 1, 1, 1, 5, '/CarSelling/image/rooxsilver.jpg'),
(235, 7, 9, 23, 2, 11, 15, 2, 2, 1, 1, 5, '/CarSelling/image/fitgray.jpg'),
(236, 4, 9, 23, 2, 11, 15, 2, 1, 1, 1, 5, '/CarSelling/image/fitpink.jpg'),
(237, 2, 8, 23, 2, 11, 14, 2, 2, 1, 1, 5, '/CarSelling/image/320iblack.jpg'),
(238, 1, 8, 23, 2, 11, 15, 1, 2, 1, 1, 5, '/CarSelling/image/m2white.jpg'),
(239, 2, 4, 24, 2, 10, 3, 4, 2, 1, 1, 5, '/CarSelling/image/320iblack.jpg'),
(240, 2, 4, 24, 2, 10, 3, 2, 2, 1, 1, 5, '/CarSelling/image/320iblack.jpg'),
(241, 3, 4, 24, 2, 10, 3, 6, 1, 1, 1, 5, '/CarSelling/image/320ired.jpg'),
(242, 9, 4, 24, 2, 10, 3, 7, 1, 1, 1, 5, '/CarSelling/image/evoblue.jpg'),
(243, 1, 5, 24, 2, 10, 4, 2, 2, 1, 1, 5, '/CarSelling/image/m2white.jpg'),
(244, 2, 5, 25, 2, 5, 3, 3, 2, 1, 1, 7, '/CarSelling/image/320iblack.jpg'),
(245, 3, 5, 25, 2, 5, 3, 4, 2, 1, 1, 7, '/CarSelling/image/320ired.jpg'),
(246, 4, 5, 25, 2, 5, 3, 2, 1, 1, 1, 7, '/CarSelling/image/fitpink.jpg'),
(247, 1, 5, 25, 2, 5, 4, 1, 1, 1, 1, 7, '/CarSelling/image/m2white.jpg'),
(248, 2, 6, 25, 2, 5, 4, 1, 2, 1, 1, 7, '/CarSelling/image/320iblack.jpg'),
(249, 5, 2, 26, 2, 5, 2, 4, 1, 1, 1, 4, '/CarSelling/image/bettleyellow.jpg'),
(250, 4, 2, 26, 2, 5, 2, 3, 1, 1, 1, 4, '/CarSelling/image/marchpink.jpg'),
(251, 3, 2, 26, 2, 5, 2, 2, 1, 1, 1, 4, '/CarSelling/image/320ired.jpg'),
(252, 2, 3, 26, 2, 5, 3, 1, 1, 1, 1, 4, '/CarSelling/image/320iblack.jpg'),
(253, 1, 2, 26, 2, 5, 3, 2, 1, 1, 1, 4, '/CarSelling/image/m2white.jpg'),
(254, 2, 14, 27, 3, 2, 2, 4, 1, 1, 1, 8, '/CarSelling/image/320iblack.jpg'),
(255, 3, 14, 27, 3, 2, 2, 3, 1, 1, 1, 8, '/CarSelling/image/320ired.jpg'),
(256, 6, 14, 27, 3, 2, 2, 2, 1, 1, 1, 8, '/CarSelling/image/rooxsilver.jpg'),
(257, 7, 14, 27, 3, 2, 3, 1, 1, 1, 1, 8, '/CarSelling/image/fitgray.jpg'),
(258, 1, 13, 27, 3, 2, 3, 8, 1, 1, 1, 8, '/CarSelling/image/m2white.jpg'),
(259, 3, 14, 28, 3, 3, 8, 1, 1, 1, 1, 6, '/CarSelling/image/320ired.jpg'),
(260, 4, 13, 28, 3, 3, 7, 3, 1, 1, 1, 6, '/CarSelling/image/marchpink.jpg'),
(261, 2, 13, 28, 3, 3, 7, 2, 1, 1, 1, 6, '/CarSelling/image/320iblack.jpg'),
(262, 1, 13, 28, 3, 3, 8, 2, 1, 1, 1, 6, '/CarSelling/image/m2white.jpg'),
(263, 1, 13, 28, 3, 3, 8, 4, 1, 1, 1, 6, '/CarSelling/image/m2white.jpg'),
(264, 4, 11, 29, 3, 2, 2, 1, 1, 1, 1, 8, '/CarSelling/image/fitpink.jpg'),
(265, 3, 11, 29, 3, 2, 2, 2, 1, 1, 1, 8, '/CarSelling/image/320ired.jpg'),
(266, 2, 11, 29, 3, 2, 2, 3, 1, 1, 1, 8, '/CarSelling/image/320iblack.jpg'),
(267, 3, 12, 29, 3, 2, 3, 4, 1, 1, 1, 8, '/CarSelling/image/320ired.jpg'),
(268, 6, 11, 29, 3, 2, 2, 5, 1, 1, 1, 8, '/CarSelling/image/rooxsilver.jpg'),
(269, 6, 12, 29, 3, 2, 3, 6, 1, 1, 1, 8, '/CarSelling/image/rooxsilver.jpg'),
(270, 7, 12, 29, 3, 2, 3, 5, 1, 1, 1, 8, '/CarSelling/image/fitgray.jpg'),
(271, 7, 13, 29, 3, 2, 4, 4, 1, 1, 1, 8, '/CarSelling/image/fitgray.jpg'),
(272, 2, 13, 29, 3, 2, 4, 3, 1, 1, 1, 8, '/CarSelling/image/320iblack.jpg'),
(273, 1, 13, 29, 3, 2, 4, 2, 1, 1, 1, 8, '/CarSelling/image/m2white.jpg'),
(274, 2, 14, 29, 3, 2, 5, 6, 1, 1, 1, 8, '/CarSelling/image/320iblack.jpg'),
(275, 3, 14, 29, 3, 2, 5, 7, 1, 1, 1, 8, '/CarSelling/image/320ired.jpg'),
(276, 6, 14, 29, 3, 2, 5, 8, 1, 1, 1, 8, '/CarSelling/image/rooxsilver.jpg'),
(277, 7, 15, 29, 3, 2, 6, 5, 1, 1, 2, 8, '/CarSelling/image/fitgray.jpg'),
(278, 6, 15, 29, 3, 2, 6, 4, 1, 1, 2, 8, '/CarSelling/image/rooxsilver.jpg'),
(279, 2, 15, 29, 3, 2, 6, 2, 1, 1, 2, 8, '/CarSelling/image/320iblack.jpg'),
(280, 7, 16, 29, 3, 2, 7, 5, 1, 1, 2, 8, '/CarSelling/image/fitgray.jpg'),
(281, 6, 16, 29, 3, 2, 7, 3, 1, 1, 2, 8, '/CarSelling/image/rooxsilver.jpg'),
(282, 2, 16, 29, 3, 2, 7, 4, 1, 1, 2, 8, '/CarSelling/image/320iblack.jpg'),
(283, 6, 13, 30, 3, 2, 3, 4, 1, 1, 1, 4, '/CarSelling/image/rooxsilver.jpg'),
(284, 7, 13, 30, 3, 2, 3, 5, 1, 1, 1, 4, '/CarSelling/image/fitgray.jpg'),
(285, 2, 13, 30, 3, 2, 3, 3, 1, 1, 1, 4, '/CarSelling/image/320iblack.jpg'),
(286, 3, 13, 30, 3, 2, 3, 2, 1, 1, 1, 4, '/CarSelling/image/320ired.jpg'),
(287, 5, 13, 30, 3, 2, 3, 6, 1, 1, 1, 4, '/CarSelling/image/bettleyellow.jpg'),
(288, 3, 14, 30, 3, 2, 4, 4, 1, 1, 1, 4, '/CarSelling/image/320ired.jpg'),
(289, 2, 14, 30, 3, 2, 4, 3, 1, 1, 1, 4, '/CarSelling/image/320iblack.jpg'),
(290, 6, 14, 30, 3, 2, 4, 2, 1, 1, 1, 4, '/CarSelling/image/rooxsilver.jpg'),
(291, 6, 15, 30, 3, 2, 5, 1, 1, 1, 1, 4, '/CarSelling/image/rooxsilver.jpg'),
(292, 7, 15, 30, 3, 2, 5, 6, 1, 1, 1, 4, '/CarSelling/image/fitgray.jpg'),
(293, 2, 15, 30, 3, 2, 5, 7, 1, 1, 1, 4, '/CarSelling/image/320iblack.jpg'),
(294, 6, 13, 31, 3, 2, 3, 4, 1, 1, 1, 8, '/CarSelling/image/rooxsilver.jpg'),
(295, 7, 13, 31, 3, 2, 3, 2, 1, 1, 1, 8, '/CarSelling/image/fitgray.jpg'),
(296, 2, 13, 31, 3, 2, 3, 5, 1, 1, 1, 8, '/CarSelling/image/320iblack.jpg'),
(297, 1, 13, 31, 3, 2, 3, 6, 1, 1, 1, 8, '/CarSelling/image/m2white.jpg'),
(298, 3, 14, 31, 3, 2, 4, 3, 1, 1, 1, 8, '/CarSelling/image/320ired.jpg'),
(299, 5, 14, 31, 3, 2, 4, 1, 1, 1, 1, 8, '/CarSelling/image/bettleyellow.jpg'),
(300, 6, 14, 31, 3, 2, 4, 2, 1, 1, 1, 8, '/CarSelling/image/rooxsilver.jpg'),
(301, 7, 14, 31, 3, 2, 4, 4, 1, 1, 1, 8, '/CarSelling/image/fitgray.jpg'),
(302, 2, 15, 31, 3, 2, 5, 3, 1, 1, 2, 8, '/CarSelling/image/320iblack.jpg'),
(303, 2, 15, 31, 3, 2, 5, 4, 1, 1, 2, 8, '/CarSelling/image/320iblack.jpg'),
(304, 3, 15, 31, 3, 2, 5, 5, 1, 1, 2, 8, '/CarSelling/image/320ired.jpg'),
(305, 6, 15, 31, 3, 2, 5, 6, 1, 1, 2, 8, '/CarSelling/image/rooxsilver.jpg'),
(306, 7, 16, 31, 3, 2, 6, 7, 1, 1, 2, 8, '/CarSelling/image/fitgray.jpg'),
(307, 9, 16, 31, 3, 2, 6, 3, 1, 1, 2, 8, '/CarSelling/image/evoblue.jpg'),
(308, 3, 16, 31, 3, 2, 6, 2, 1, 1, 2, 8, '/CarSelling/image/320ired.jpg'),
(309, 1, 16, 31, 3, 2, 6, 3, 1, 1, 2, 8, '/CarSelling/image/m2white.jpg'),
(310, 5, 9, 32, 3, 2, 1, 4, 1, 1, 1, 5, '/CarSelling/image/bettleyellow.jpg'),
(311, 4, 9, 32, 3, 2, 1, 5, 1, 1, 1, 5, '/CarSelling/image/fitpink.jpg'),
(312, 3, 9, 32, 3, 2, 1, 4, 1, 1, 1, 5, '/CarSelling/image/320ired.jpg'),
(313, 6, 9, 32, 3, 2, 1, 3, 1, 1, 1, 5, '/CarSelling/image/rooxsilver.jpg'),
(314, 7, 10, 32, 3, 2, 1, 2, 1, 1, 1, 5, '/CarSelling/image/fitgray.jpg'),
(315, 4, 10, 32, 3, 2, 1, 1, 1, 1, 1, 5, '/CarSelling/image/fitpink.jpg'),
(316, 2, 10, 32, 3, 2, 1, 7, 1, 1, 1, 5, '/CarSelling/image/320iblack.jpg'),
(317, 1, 10, 32, 3, 2, 1, 8, 1, 1, 1, 5, '/CarSelling/image/m2white.jpg'),
(318, 3, 11, 32, 3, 2, 2, 4, 1, 1, 1, 5, '/CarSelling/image/320ired.jpg'),
(319, 7, 11, 32, 3, 2, 2, 2, 1, 1, 1, 5, '/CarSelling/image/fitgray.jpg'),
(320, 9, 11, 32, 3, 2, 2, 1, 1, 1, 1, 5, '/CarSelling/image/evoblue.jpg'),
(321, 6, 11, 32, 3, 2, 2, 3, 1, 1, 1, 5, '/CarSelling/image/rooxsilver.jpg'),
(322, 7, 12, 32, 3, 2, 2, 4, 1, 1, 1, 5, '/CarSelling/image/fitgray.jpg'),
(323, 3, 12, 32, 3, 2, 2, 2, 1, 1, 1, 5, '/CarSelling/image/320ired.jpg'),
(324, 4, 12, 32, 3, 2, 2, 8, 1, 1, 1, 5, '/CarSelling/image/fitpink.jpg'),
(325, 2, 12, 32, 3, 2, 2, 6, 1, 1, 1, 5, '/CarSelling/image/320iblack.jpg'),
(326, 1, 13, 32, 3, 2, 3, 5, 1, 1, 1, 5, '/CarSelling/image/marchwhite.jpg'),
(327, 7, 13, 32, 3, 2, 3, 4, 1, 1, 1, 5, '/CarSelling/image/marchgray'),
(328, 6, 13, 32, 3, 2, 3, 1, 1, 1, 1, 5, '/CarSelling/image/rooxsilver.jpg'),
(329, 6, 13, 32, 3, 2, 3, 8, 1, 1, 1, 5, '/CarSelling/image/rooxsilver.jpg'),
(330, 7, 11, 27, 3, 2, 2, 3, 1, 1, 1, 8, '/CarSelling/image/fitgray.jpg'),
(331, 6, 11, 27, 3, 2, 2, 6, 1, 1, 1, 8, '/CarSelling/image/rooxsilver.jpg'),
(332, 5, 11, 27, 3, 2, 2, 4, 1, 1, 1, 8, '/CarSelling/image/bettleyellow.jpg'),
(333, 4, 11, 27, 3, 2, 2, 4, 1, 1, 1, 8, '/CarSelling/image/fitpink.jpg'),
(334, 3, 12, 27, 3, 2, 3, 2, 1, 1, 1, 8, '/CarSelling/image/320ired.jpg'),
(335, 2, 12, 27, 3, 2, 3, 5, 1, 1, 1, 8, '/CarSelling/image/320iblack.jpg'),
(336, 1, 12, 27, 3, 2, 3, 7, 1, 1, 1, 8, '/CarSelling/image/m2white.jpg'),
(337, 5, 12, 27, 3, 2, 3, 8, 1, 1, 1, 8, '/CarSelling/image/bettleyellow.jpg'),
(338, 6, 13, 27, 3, 2, 4, 2, 1, 1, 1, 8, '/CarSelling/image/rooxsilver.jpg'),
(339, 6, 13, 27, 3, 2, 4, 3, 1, 1, 1, 8, '/CarSelling/image/rooxsilver.jpg'),
(340, 7, 13, 27, 3, 2, 4, 1, 1, 1, 1, 8, '/CarSelling/image/fitgray.jpg'),
(341, 6, 13, 27, 3, 2, 4, 1, 1, 1, 1, 8, '/CarSelling/image/rooxsilver.jpg'),
(342, 3, 14, 27, 3, 2, 5, 1, 1, 1, 1, 8, '/CarSelling/image/320ired.jpg'),
(343, 2, 14, 27, 3, 2, 5, 2, 1, 1, 1, 8, '/CarSelling/image/320iblack.jpg'),
(344, 2, 14, 27, 3, 2, 5, 4, 1, 1, 1, 8, '/CarSelling/image/320iblack.jpg'),
(345, 1, 14, 27, 3, 2, 5, 4, 1, 1, 1, 8, '/CarSelling/image/m2white.jpg'),
(346, 4, 15, 27, 3, 2, 6, 4, 1, 1, 1, 8, '/CarSelling/image/fitpink.jpg'),
(347, 3, 15, 27, 3, 2, 6, 7, 1, 1, 1, 8, '/CarSelling/image/320ired.jpg'),
(348, 5, 15, 27, 3, 2, 6, 7, 1, 1, 1, 8, '/CarSelling/image/bettleyellow.jpg'),
(349, 6, 15, 27, 3, 2, 6, 8, 1, 1, 1, 8, '/CarSelling/image/rooxsilver.jpg'),
(350, 3, 10, 33, 3, 1, 1, 5, 1, 1, 1, 4, '/CarSelling/image/320ired.jpg'),
(351, 4, 10, 33, 3, 1, 1, 4, 1, 1, 1, 4, '/CarSelling/image/fitpink.jpg'),
(352, 2, 10, 33, 3, 1, 1, 3, 1, 1, 1, 4, '/CarSelling/image/320iblack.jpg'),
(353, 7, 10, 33, 3, 1, 1, 2, 1, 1, 1, 4, '/CarSelling/image/fitgray.jpg'),
(354, 5, 12, 33, 3, 1, 1, 7, 1, 1, 1, 4, '/CarSelling/image/bettleyellow.jpg'),
(355, 6, 12, 33, 3, 1, 1, 6, 1, 1, 1, 4, '/CarSelling/image/rooxsilver.jpg'),
(356, 7, 12, 33, 3, 1, 1, 1, 1, 1, 1, 4, '/CarSelling/image/fitgray.jpg'),
(357, 6, 12, 33, 3, 1, 1, 5, 1, 1, 1, 4, '/CarSelling/image/rooxsilver.jpg'),
(358, 3, 13, 33, 3, 1, 2, 1, 1, 1, 1, 4, '/CarSelling/image/320ired.jpg'),
(359, 2, 13, 33, 3, 1, 2, 2, 1, 1, 1, 4, '/CarSelling/image/320iblack.jpg'),
(360, 2, 13, 33, 3, 1, 2, 3, 1, 1, 1, 4, '/CarSelling/image/320iblack.jpg'),
(361, 1, 13, 33, 3, 1, 2, 4, 1, 1, 1, 4, '/CarSelling/image/m2white.jpg'),
(362, 4, 16, 33, 3, 1, 2, 5, 1, 1, 1, 4, '/CarSelling/image/fitpink.jpg'),
(363, 7, 16, 33, 3, 1, 2, 6, 1, 1, 1, 4, '/CarSelling/image/fitgray.jpg'),
(364, 6, 16, 33, 3, 1, 2, 7, 1, 1, 1, 4, '/CarSelling/image/rooxsilver.jpg'),
(365, 5, 16, 33, 3, 1, 2, 8, 1, 1, 1, 4, '/CarSelling/image/bettleyellow.jpg'),
(366, 2, 13, 34, 3, 3, 7, 3, 1, 1, 1, 11, '/CarSelling/image/320iblack.jpg'),
(367, 6, 13, 34, 3, 3, 7, 4, 1, 1, 1, 11, '/CarSelling/image/rooxsilver.jpg'),
(368, 6, 13, 34, 3, 3, 7, 4, 1, 1, 1, 11, '/CarSelling/image/rooxsilver.jpg'),
(369, 7, 13, 34, 3, 3, 7, 8, 1, 1, 1, 11, '/CarSelling/image/fitgray.jpg'),
(370, 1, 14, 34, 3, 3, 8, 6, 1, 1, 1, 11, '/CarSelling/image/m2white.jpg'),
(371, 3, 14, 34, 3, 3, 8, 2, 1, 1, 1, 11, '/CarSelling/image/320ired.jpg'),
(372, 2, 14, 34, 3, 3, 8, 2, 1, 1, 1, 11, '/CarSelling/image/320iblack.jpg'),
(373, 6, 14, 34, 3, 3, 8, 1, 1, 1, 1, 11, '/CarSelling/image/rooxsilver.jpg'),
(374, 2, 9, 35, 3, 2, 2, 5, 1, 1, 1, 4, '/CarSelling/image/320iblack.jpg'),
(375, 1, 9, 35, 3, 2, 2, 7, 1, 1, 1, 4, '/CarSelling/image/m2white.jpg'),
(376, 7, 10, 35, 3, 2, 2, 6, 1, 1, 1, 4, '/CarSelling/image/fitgray.jpg'),
(377, 6, 10, 35, 3, 2, 2, 8, 1, 1, 1, 4, '/CarSelling/image/rooxsilver.jpg'),
(378, 5, 11, 35, 3, 2, 2, 4, 1, 1, 1, 4, '/CarSelling/image/bettleyellow.jpg'),
(379, 3, 11, 35, 3, 2, 2, 4, 1, 1, 1, 4, '/CarSelling/image/320ired.jpg'),
(380, 6, 12, 35, 3, 2, 2, 2, 1, 1, 1, 4, '/CarSelling/image/rooxsilver.jpg'),
(381, 7, 12, 35, 3, 2, 3, 2, 1, 1, 1, 4, '/CarSelling/image/fitgray.jpg'),
(382, 6, 13, 35, 3, 2, 3, 1, 1, 1, 1, 4, '/CarSelling/image/rooxsilver.jpg'),
(383, 7, 13, 35, 3, 2, 3, 6, 1, 1, 1, 4, '/CarSelling/image/fitgray.jpg'),
(384, 2, 14, 35, 3, 2, 3, 5, 1, 1, 1, 4, '/CarSelling/image/320iblack.jpg'),
(385, 2, 14, 35, 3, 2, 3, 3, 1, 1, 1, 4, '/CarSelling/image/320iblack.jpg'),
(386, 6, 15, 35, 3, 2, 3, 3, 1, 1, 1, 4, '/CarSelling/image/rooxsilver.jpg'),
(387, 7, 15, 35, 3, 2, 3, 2, 1, 1, 1, 4, '/CarSelling/image/fitgray.jpg'),
(388, 3, 13, 36, 3, 2, 5, 2, 1, 1, 1, 10, '/CarSelling/image/320ired.jpg'),
(389, 4, 13, 36, 3, 2, 5, 1, 1, 1, 1, 10, '/CarSelling/image/fitpink.jpg'),
(390, 5, 13, 36, 3, 2, 5, 6, 1, 1, 1, 10, '/CarSelling/image/bettleyellow.jpg'),
(391, 6, 13, 36, 3, 2, 5, 4, 1, 1, 1, 10, '/CarSelling/image/rooxsilver.jpg'),
(392, 7, 14, 36, 3, 2, 6, 3, 1, 1, 1, 10, '/CarSelling/image/fitgray.jpg'),
(393, 9, 14, 36, 3, 2, 6, 4, 1, 1, 1, 10, '/CarSelling/image/evoblue.jpg'),
(394, 2, 14, 36, 3, 2, 6, 2, 1, 1, 1, 10, '/CarSelling/image/320iblack.jpg'),
(395, 1, 14, 36, 3, 2, 6, 2, 1, 1, 1, 10, '/CarSelling/image/m2white.jpg'),
(396, 5, 15, 36, 3, 2, 7, 2, 1, 1, 1, 10, '/CarSelling/image/bettleyellow.jpg'),
(397, 5, 15, 36, 3, 2, 7, 1, 1, 1, 1, 10, '/CarSelling/image/bettleyellow.jpg'),
(398, 4, 15, 36, 3, 2, 7, 4, 1, 1, 1, 10, '/CarSelling/image/fitpink.jpg'),
(399, 3, 15, 36, 3, 2, 7, 8, 1, 1, 1, 10, '/CarSelling/image/320ired.jpg'),
(400, 1, 8, 37, 3, 2, 1, 2, 1, 1, 1, 2, '/CarSelling/image/m2white.jpg'),
(401, 1, 4, 1, 1, 4, 3, 3, 1, 1, 1, 4, '/CarSelling/image/m2white.jpg'),
(402, 4, 5, 1, 1, 4, 3, 1, 1, 1, 1, 4, '/CarSelling/image/fitpink.jpg'),
(403, 6, 4, 1, 1, 4, 3, 1, 1, 1, 1, 4, '/CarSelling/image/rooxsilver.jpg'),
(404, 4, 8, 37, 3, 2, 2, 2, 1, 1, 1, 2, '/CarSelling/image/fitpink.jpg'),
(405, 2, 8, 37, 3, 2, 2, 4, 1, 1, 1, 2, '/CarSelling/image/320iblack.jpg'),
(406, 1, 8, 37, 3, 2, 2, 5, 1, 1, 1, 2, '/CarSelling/image/m2white.jpg'),
(407, 3, 9, 37, 3, 2, 2, 6, 1, 1, 1, 2, '/CarSelling/image/320ired.jpg'),
(408, 5, 9, 37, 3, 2, 2, 7, 1, 1, 1, 2, '/CarSelling/image/bettleyellow.jpg'),
(409, 4, 9, 37, 3, 2, 2, 8, 1, 1, 1, 2, '/CarSelling/image/fitpink.jpg'),
(410, 3, 10, 37, 3, 2, 2, 1, 1, 1, 1, 2, '/CarSelling/image/320ired.jpg'),
(411, 1, 10, 37, 3, 2, 2, 1, 1, 1, 1, 2, '/CarSelling/image/m2white.jpg'),
(412, 6, 10, 37, 3, 2, 2, 1, 1, 1, 1, 2, '/CarSelling/image/rooxsilver.jpg'),
(413, 6, 11, 37, 3, 2, 2, 2, 1, 1, 1, 2, '/CarSelling/image/rooxsilver.jpg'),
(414, 7, 11, 37, 3, 2, 2, 2, 1, 1, 1, 2, '/CarSelling/image/fitgray.jpg'),
(415, 9, 11, 37, 3, 2, 2, 2, 1, 1, 1, 2, '/CarSelling/image/evoblue.jpg'),
(416, 1, 12, 37, 3, 2, 2, 3, 1, 1, 1, 2, '/CarSelling/image/m2white.jpg'),
(417, 3, 12, 37, 3, 2, 2, 4, 1, 1, 1, 2, '/CarSelling/image/320ired.jpg'),
(418, 2, 12, 37, 3, 2, 2, 4, 1, 1, 1, 2, '/CarSelling/image/320iblack.jpg'),
(419, 2, 13, 37, 3, 2, 2, 4, 1, 1, 1, 2, '/CarSelling/image/320iblack.jpg'),
(420, 4, 14, 37, 3, 2, 3, 5, 1, 1, 1, 2, '/CarSelling/image/fitpink.jpg'),
(421, 6, 14, 37, 3, 2, 3, 6, 1, 1, 1, 2, '/CarSelling/image/rooxsilver.jpg'),
(422, 6, 14, 37, 3, 2, 3, 7, 1, 1, 1, 2, '/CarSelling/image/rooxsilver.jpg'),
(423, 7, 15, 37, 3, 2, 3, 8, 1, 1, 1, 2, '/CarSelling/image/fitgray.jpg'),
(424, 1, 15, 37, 3, 2, 3, 1, 1, 1, 1, 2, '/CarSelling/image/m2white.jpg'),
(425, 4, 15, 37, 3, 2, 3, 2, 1, 1, 1, 2, '/CarSelling/image/fitpink.jpg'),
(426, 4, 16, 37, 3, 2, 3, 2, 1, 1, 1, 2, '/CarSelling/image/fitpink.jpg'),
(427, 3, 16, 37, 3, 2, 3, 2, 1, 1, 1, 2, '/CarSelling/image/320ired.jpg'),
(428, 3, 16, 37, 3, 2, 3, 4, 1, 1, 1, 2, '/CarSelling/image/320ired.jpg'),
(429, 5, 13, 38, 3, 2, 4, 2, 1, 1, 1, 10, '/CarSelling/image/bettleyellow.jpg'),
(430, 6, 13, 38, 3, 2, 4, 4, 1, 1, 1, 10, '/CarSelling/image/rooxsilver.jpg'),
(431, 1, 13, 38, 3, 2, 4, 3, 1, 1, 1, 10, '/CarSelling/image/m2white.jpg'),
(432, 4, 13, 38, 3, 2, 4, 2, 1, 1, 1, 10, '/CarSelling/image/320pink.jpg'),
(433, 2, 14, 38, 3, 2, 5, 8, 1, 1, 1, 10, '/CarSelling/image/320iblack.jpg'),
(434, 2, 14, 38, 3, 2, 5, 5, 1, 1, 1, 10, '/CarSelling/image/320iblack.jpg'),
(435, 1, 14, 38, 3, 2, 5, 2, 1, 1, 1, 10, '/CarSelling/image/m2white.jpg'),
(436, 6, 14, 38, 3, 2, 5, 1, 1, 1, 1, 10, '/CarSelling/image/rooxsilver.jpg'),
(437, 7, 15, 38, 3, 2, 6, 3, 1, 1, 1, 10, '/CarSelling/image/fitgray.jpg'),
(438, 6, 15, 38, 3, 2, 6, 6, 1, 1, 1, 10, '/CarSelling/image/rooxsilver.jpg'),
(439, 2, 15, 38, 3, 2, 6, 4, 1, 1, 1, 10, '/CarSelling/image/320iblack.jpg'),
(440, 1, 15, 38, 3, 2, 6, 2, 1, 1, 1, 10, '/CarSelling/image/m2white.jpg'),
(441, 2, 13, 39, 3, 2, 4, 2, 1, 1, 1, 10, '/CarSelling/image/320iblack.jpg'),
(442, 4, 13, 39, 3, 2, 4, 3, 1, 1, 1, 10, '/CarSelling/image/colspink.jpg'),
(443, 3, 13, 39, 3, 2, 4, 4, 1, 1, 1, 10, '/CarSelling/image/320pink.jpg'),
(444, 5, 13, 39, 3, 2, 4, 5, 1, 1, 1, 10, '/CarSelling/image/bettleyellow.jpg'),
(445, 7, 14, 39, 3, 2, 5, 7, 1, 1, 1, 10, '/CarSelling/image/fitgray.jpg'),
(446, 6, 14, 39, 3, 2, 5, 8, 1, 1, 1, 10, '/CarSelling/image/rooxsilver.jpg'),
(447, 2, 14, 39, 3, 2, 5, 6, 1, 1, 1, 10, '/CarSelling/image/320iblack.jpg'),
(448, 1, 14, 39, 3, 2, 5, 3, 1, 1, 1, 10, '/CarSelling/image/m2white.jpg'),
(449, 1, 15, 39, 3, 2, 6, 2, 1, 1, 1, 10, '/CarSelling/image/m2white.jpg'),
(450, 6, 15, 39, 3, 2, 6, 2, 1, 1, 1, 10, '/CarSelling/image/rooxsilver.jpg'),
(451, 7, 15, 39, 3, 2, 6, 1, 1, 1, 1, 10, '/CarSelling/image/fitgray.jpg'),
(452, 3, 15, 39, 3, 2, 6, 1, 1, 1, 1, 10, '/CarSelling/image/320ired.jpg'),
(453, 8, 16, 40, 3, 2, 3, 2, 1, 1, 1, 4, '/CarSelling/image/bettleyellow.jpg'),
(454, 7, 16, 40, 3, 2, 3, 3, 1, 1, 1, 4, '/CarSelling/image/fitgray.jpg'),
(455, 6, 16, 40, 3, 2, 3, 4, 1, 1, 1, 4, '/CarSelling/image/rooxsilver.jpg'),
(456, 6, 16, 40, 3, 2, 3, 6, 1, 1, 1, 4, '/CarSelling/image/rooxsilver.jpg'),
(457, 2, 17, 40, 3, 2, 4, 6, 1, 1, 1, 4, '/CarSelling/image/320iblack.jpg'),
(458, 2, 17, 40, 3, 2, 4, 1, 1, 1, 1, 4, '/CarSelling/image/320iblack.jpg'),
(459, 1, 17, 40, 3, 2, 5, 1, 1, 1, 1, 4, '/CarSelling/image/m2white.jpg'),
(460, 6, 17, 40, 3, 2, 4, 2, 1, 1, 1, 4, '/CarSelling/image/rooxsilver.jpg'),
(461, 7, 18, 40, 3, 2, 5, 3, 1, 1, 1, 4, '/CarSelling/image/fitgray.jpg'),
(462, 4, 18, 40, 3, 2, 5, 3, 1, 1, 1, 4, '/CarSelling/image/320ired.jpg'),
(463, 3, 18, 40, 3, 2, 5, 4, 1, 1, 1, 4, '/CarSelling/image/320pink.jpg'),
(464, 6, 18, 40, 3, 2, 5, 4, 1, 1, 1, 4, '/CarSelling/image/rooxsilver.jpg'),
(465, 2, 13, 41, 3, 1, 1, 3, 1, 1, 1, 5, '/CarSelling/image/320iblack.jpg'),
(466, 3, 13, 41, 3, 1, 1, 1, 1, 1, 1, 5, '/CarSelling/image/320ired.jpg'),
(467, 5, 13, 41, 3, 1, 1, 2, 1, 1, 1, 5, '/CarSelling/image/bettleyellow.jpg'),
(468, 7, 13, 41, 3, 1, 1, 2, 1, 1, 1, 5, '/CarSelling/image/fitgray.jpg'),
(469, 2, 14, 41, 3, 1, 1, 4, 1, 1, 1, 5, '/CarSelling/image/320iblack.jpg'),
(470, 1, 14, 41, 3, 1, 2, 4, 1, 1, 1, 5, '/CarSelling/image/m2white.jpg'),
(471, 6, 14, 41, 3, 1, 1, 6, 1, 1, 1, 5, '/CarSelling/image/rooxsilver.jpg'),
(472, 3, 14, 41, 3, 1, 1, 5, 1, 1, 1, 5, '/CarSelling/image/320iblack.jpg'),
(473, 4, 15, 41, 3, 1, 2, 8, 1, 1, 1, 5, '/CarSelling/image/320ired.jpg'),
(474, 1, 15, 41, 3, 1, 2, 7, 1, 1, 1, 5, '/CarSelling/image/m2white.jpg'),
(475, 1, 15, 41, 3, 1, 2, 2, 1, 1, 1, 5, '/CarSelling/image/m2white.jpg'),
(476, 2, 15, 41, 3, 1, 2, 2, 1, 1, 1, 5, '/CarSelling/image/320iblack.jpg'),
(477, 3, 13, 42, 4, 2, 3, 5, 1, 1, 1, 8, '/CarSelling/image/320ired.jpg'),
(478, 2, 13, 42, 4, 2, 3, 4, 1, 1, 1, 8, '/CarSelling/image/320iblack.jpg'),
(479, 4, 13, 42, 4, 2, 3, 8, 1, 1, 1, 8, '/CarSelling/image/320ired.jpg'),
(480, 1, 13, 42, 4, 2, 4, 1, 1, 1, 1, 8, '/CarSelling/image/m2white.jpg'),
(481, 4, 14, 42, 4, 2, 4, 4, 1, 1, 1, 8, '/CarSelling/image/320ired.jpg'),
(482, 6, 14, 42, 4, 2, 4, 5, 1, 1, 1, 8, '/CarSelling/image/rooxsilver.jpg'),
(483, 7, 14, 42, 4, 2, 4, 2, 1, 1, 1, 8, '/CarSelling/image/fitgray.jpg'),
(484, 1, 14, 42, 4, 2, 5, 1, 1, 1, 1, 8, '/CarSelling/image/m2white.jpg'),
(485, 3, 15, 42, 4, 2, 5, 2, 1, 1, 1, 8, '/CarSelling/image/320ired.jpg'),
(486, 2, 15, 42, 4, 2, 5, 2, 1, 1, 1, 8, '/CarSelling/image/320iblack.jpg'),
(487, 6, 15, 42, 4, 2, 5, 3, 1, 1, 1, 8, '/CarSelling/image/rooxsilver.jpg'),
(488, 1, 15, 42, 4, 2, 6, 1, 1, 1, 1, 8, '/CarSelling/image/m2white.jpg'),
(489, 2, 10, 43, 4, 3, 2, 3, 1, 1, 1, 5, '/CarSelling/image/320iblack.jpg'),
(490, 4, 10, 43, 4, 3, 2, 2, 1, 1, 1, 5, '/CarSelling/image/320pink.jpg'),
(491, 2, 10, 43, 4, 3, 2, 2, 1, 1, 1, 5, '/CarSelling/image/320iblack.jpg'),
(492, 5, 10, 43, 4, 3, 2, 3, 1, 1, 1, 5, '/CarSelling/image/bettleyellow.jpg'),
(493, 6, 11, 43, 4, 3, 3, 2, 1, 1, 1, 5, '/CarSelling/image/rooxsilver.jpg'),
(494, 7, 11, 43, 4, 3, 3, 1, 1, 1, 1, 5, '/CarSelling/image/fitgray.jpg'),
(495, 2, 11, 43, 4, 3, 3, 2, 1, 1, 1, 5, '/CarSelling/image/320iblack.jpg'),
(496, 3, 11, 43, 4, 3, 3, 2, 1, 1, 1, 5, '/CarSelling/image/320ired.jpg'),
(497, 5, 11, 43, 4, 3, 3, 4, 1, 1, 1, 5, '/CarSelling/image/bettleyellow.jpg'),
(498, 3, 17, 44, 4, 3, 2, 4, 1, 1, 1, 9, '/CarSelling/image/320ired.jpg'),
(499, 2, 17, 44, 4, 3, 2, 2, 1, 1, 1, 9, '/CarSelling/image/320iblack.jpg'),
(500, 4, 17, 44, 4, 3, 2, 1, 1, 1, 1, 9, '/CarSelling/image/320pink.jpg'),
(501, 5, 17, 44, 4, 3, 2, 2, 1, 1, 1, 9, '/CarSelling/image/bettleyellow.jpg'),
(502, 1, 18, 44, 4, 3, 2, 4, 1, 1, 1, 9, '/CarSelling/image/m2white.jpg'),
(503, 2, 18, 44, 4, 3, 2, 6, 1, 1, 1, 9, '/CarSelling/image/320iblack.jpg'),
(504, 4, 18, 44, 4, 3, 2, 8, 1, 1, 1, 9, '/CarSelling/image/320ired.jpg'),
(505, 5, 18, 44, 4, 3, 2, 4, 1, 1, 1, 9, '/CarSelling/image/bettleyellow.jpg'),
(506, 6, 19, 44, 4, 3, 3, 5, 1, 1, 2, 9, '/CarSelling/image/rooxsilver.jpg'),
(507, 7, 19, 44, 4, 3, 3, 2, 1, 1, 2, 9, '/CarSelling/image/fitgray.jpg'),
(508, 3, 19, 44, 4, 3, 3, 2, 1, 1, 2, 9, '/CarSelling/image/320ired.jpg'),
(509, 3, 19, 44, 4, 3, 3, 5, 1, 1, 2, 9, '/CarSelling/image/320ired.jpg'),
(510, 3, 8, 45, 4, 3, 3, 8, 1, 1, 1, 4, '/CarSelling/image/320ired.jpg'),
(511, 2, 8, 45, 4, 3, 3, 7, 1, 1, 1, 4, '/CarSelling/image/320iblack.jpg'),
(512, 6, 8, 45, 4, 3, 3, 6, 1, 1, 1, 4, '/CarSelling/image/rooxsilver.jpg'),
(513, 7, 9, 45, 4, 3, 3, 5, 1, 1, 1, 4, '/CarSelling/image/fitgray.jpg'),
(514, 3, 9, 45, 4, 3, 3, 4, 1, 1, 1, 4, '/CarSelling/image/320ired.jpg'),
(515, 1, 9, 45, 4, 3, 3, 3, 1, 1, 1, 4, '/CarSelling/image/m2white.jpg'),
(516, 5, 10, 45, 4, 3, 4, 2, 1, 1, 1, 4, '/CarSelling/image/bettleyellow.jpg'),
(517, 6, 10, 45, 4, 3, 4, 1, 1, 1, 1, 4, '/CarSelling/image/rooxsilver.jpg'),
(518, 7, 10, 45, 4, 3, 4, 1, 1, 1, 1, 4, '/CarSelling/image/fitgray.jpg'),
(519, 1, 11, 45, 4, 3, 4, 2, 1, 1, 1, 4, '/CarSelling/image/m2white.jpg'),
(520, 2, 11, 45, 4, 3, 4, 3, 1, 1, 1, 4, '/CarSelling/image/320iblack.jpg'),
(521, 3, 11, 45, 4, 3, 4, 4, 1, 1, 1, 4, '/CarSelling/image/320ired.jpg'),
(522, 4, 12, 45, 4, 3, 5, 5, 1, 1, 1, 4, '/CarSelling/image/320pink.jpg'),
(523, 5, 12, 45, 4, 3, 5, 6, 1, 1, 1, 4, '/CarSelling/image/beetleyellow.jpg'),
(524, 6, 12, 45, 4, 3, 5, 7, 1, 1, 1, 4, '/CarSelling/image/rooxsilver.jpg'),
(525, 7, 13, 45, 4, 3, 6, 8, 1, 1, 1, 4, '/CarSelling/image/fitgray.jpg'),
(526, 4, 13, 45, 4, 3, 6, 7, 1, 1, 1, 4, '/CarSelling/image/320pink.jpg'),
(527, 2, 13, 45, 4, 3, 6, 6, 1, 1, 1, 4, '/CarSelling/image/320iblack.jpg'),
(528, 1, 14, 45, 4, 3, 6, 5, 1, 1, 1, 4, '/CarSelling/image/m2white.jpg'),
(529, 2, 14, 45, 4, 3, 6, 4, 1, 1, 1, 4, '/CarSelling/image/320iblack.jpg'),
(530, 3, 14, 45, 4, 3, 6, 2, 1, 1, 1, 4, '/CarSelling/image/320ired.jpg'),
(531, 4, 9, 46, 4, 3, 2, 4, 1, 1, 1, 7, '/CarSelling/image/320ired.jpg'),
(532, 2, 9, 46, 4, 3, 2, 3, 1, 1, 1, 7, '/CarSelling/image/320iblack.jpg'),
(533, 1, 9, 46, 4, 3, 2, 2, 1, 1, 1, 7, '/CarSelling/image/m2white.jpg'),
(534, 6, 9, 46, 4, 3, 2, 5, 1, 1, 1, 7, '/CarSelling/image/rooxsilver.jpg'),
(535, 7, 10, 46, 4, 3, 2, 7, 1, 1, 1, 7, '/CarSelling/image/fitgray.jpg'),
(536, 6, 10, 46, 4, 3, 2, 8, 1, 1, 1, 7, '/CarSelling/image/rooxsilver.jpg'),
(537, 4, 10, 46, 4, 3, 2, 5, 1, 1, 1, 7, '/CarSelling/image/320pink.jpg'),
(538, 1, 10, 46, 4, 3, 3, 1, 1, 1, 1, 7, '/CarSelling/image/m2white.jpg'),
(539, 7, 11, 46, 4, 3, 3, 2, 1, 1, 1, 7, '/CarSelling/image/fitgray.jpg'),
(540, 6, 11, 46, 4, 3, 3, 2, 1, 1, 1, 7, '/CarSelling/image/rooxsilver.jpg'),
(541, 2, 11, 46, 4, 3, 3, 4, 1, 1, 1, 7, '/CarSelling/image/320iblack.jpg'),
(542, 4, 11, 46, 4, 3, 3, 6, 1, 1, 1, 7, '/CarSelling/image/320pink.jpg'),
(543, 3, 7, 47, 4, 3, 3, 2, 1, 1, 1, 4, '/CarSelling/image/320ired.jpg'),
(544, 4, 7, 47, 4, 3, 3, 3, 1, 1, 1, 4, '/CarSelling/image/320pink.jpg'),
(545, 1, 7, 47, 4, 3, 3, 4, 1, 1, 1, 4, '/CarSelling/image/m2white.jpg'),
(546, 2, 8, 47, 4, 3, 3, 4, 1, 1, 1, 4, '/CarSelling/image/320iblack.jpg'),
(547, 6, 8, 47, 4, 3, 3, 7, 1, 1, 1, 4, '/CarSelling/image/rooxsilver.jpg'),
(548, 1, 8, 47, 4, 3, 3, 1, 1, 1, 1, 4, '/CarSelling/image/m2white.jpg'),
(549, 2, 9, 47, 4, 3, 4, 3, 1, 1, 1, 4, '/CarSelling/image/320iblack.jpg'),
(550, 3, 9, 47, 4, 3, 4, 6, 1, 1, 1, 4, '/CarSelling/image/320iblack.jpg'),
(551, 4, 9, 47, 4, 3, 4, 4, 1, 1, 1, 4, '/CarSelling/image/320pink.jpg'),
(552, 7, 1, 49, 4, 3, 1, 2, 1, 1, 1, 4, '/CarSelling/image/rooxsilver.jpg'),
(553, 6, 1, 49, 4, 3, 1, 3, 1, 1, 1, 4, '/CarSelling/image/rooxsilver.jpg'),
(554, 2, 1, 49, 4, 3, 1, 4, 1, 1, 1, 4, '/CarSelling/image/320iblack.jpg'),
(555, 1, 2, 49, 4, 3, 1, 8, 1, 1, 1, 4, '/CarSelling/image/m2white.jpg'),
(556, 7, 2, 49, 4, 3, 1, 5, 1, 1, 1, 4, '/CarSelling/image/fitgray.jpg'),
(557, 6, 2, 49, 4, 3, 1, 2, 1, 1, 1, 4, '/CarSelling/image/rooxsilver.jpg'),
(558, 2, 3, 49, 4, 3, 2, 2, 1, 1, 1, 4, '/CarSelling/image/320iblack.jpg'),
(559, 1, 3, 49, 4, 3, 2, 2, 1, 1, 1, 4, '/CarSelling/image/m2white.jpg'),
(560, 6, 3, 49, 4, 3, 2, 2, 1, 1, 1, 4, '/CarSelling/image/rooxsilver.jpg'),
(561, 2, 10, 48, 4, 3, 1, 4, 1, 1, 1, 5, '/CarSelling/image/320iblack.jpg'),
(562, 3, 10, 48, 4, 3, 1, 3, 1, 1, 1, 5, '/CarSelling/image/vanred.jpg'),
(563, 4, 10, 48, 4, 3, 1, 5, 1, 1, 1, 5, '/CarSelling/image/320pink.jpg'),
(564, 5, 11, 48, 4, 3, 1, 8, 1, 1, 1, 5, '/CarSelling/image/beetleyellow.jpg'),
(565, 1, 11, 48, 4, 3, 1, 2, 1, 1, 1, 5, '/CarSelling/image/m2white.jpg'),
(566, 2, 11, 48, 4, 3, 1, 2, 1, 1, 1, 5, '/CarSelling/image/320iblack.jpg'),
(567, 2, 12, 48, 4, 3, 2, 1, 1, 1, 1, 5, '/CarSelling/image/320iblack.jpg'),
(568, 4, 12, 48, 4, 3, 2, 3, 1, 1, 1, 5, '/CarSelling/image/320pink.jpg'),
(569, 4, 12, 48, 4, 3, 2, 4, 1, 1, 1, 5, '/CarSelling/image/320pink.jpg'),
(570, 1, 5, 83, 4, 5, 3, 1, 1, 1, 1, 4, '/CarSelling/image/m2white.jpg'),
(571, 2, 5, 83, 4, 5, 3, 2, 1, 1, 1, 4, '/CarSelling/image/320iblack.jpg'),
(572, 3, 5, 83, 4, 5, 3, 3, 1, 1, 1, 4, '/CarSelling/image/320ired.jpg'),
(573, 4, 6, 83, 4, 5, 4, 4, 1, 1, 1, 4, '/CarSelling/image/320pink.jpg'),
(574, 5, 6, 83, 4, 5, 4, 5, 1, 1, 1, 4, '/CarSelling/image/beetleyellow.jpg'),
(575, 6, 6, 83, 4, 5, 4, 7, 1, 1, 1, 4, '/CarSelling/image/rooxsilver.jpg'),
(576, 7, 7, 83, 4, 5, 5, 8, 1, 1, 1, 4, '/CarSelling/image/fitgray.jpg'),
(577, 8, 7, 83, 4, 5, 5, 6, 1, 1, 1, 4, '/CarSelling/image/beetleyellow.jpg'),
(578, 1, 7, 83, 4, 5, 5, 4, 1, 1, 1, 4, '/CarSelling/image/m2white.jpg'),
(579, 2, 8, 83, 4, 5, 6, 3, 1, 1, 1, 4, '/CarSelling/image/320iblack.jpg'),
(580, 3, 8, 83, 4, 5, 6, 2, 1, 1, 1, 4, '/CarSelling/image/320ired.jpg'),
(581, 4, 8, 83, 4, 5, 6, 1, 1, 1, 1, 4, '/CarSelling/image/320pink.jpg'),
(582, 3, 16, 84, 4, 2, 8, 3, 1, 1, 1, 4, '/CarSelling/image/320ired.jpg'),
(583, 4, 16, 84, 4, 2, 8, 4, 1, 1, 1, 4, '/CarSelling/image/benz350pink.jpg'),
(584, 2, 16, 84, 4, 2, 8, 5, 1, 1, 1, 4, '/CarSelling/image/320iblack.jpg'),
(585, 2, 16, 84, 4, 2, 8, 6, 1, 1, 1, 4, '/CarSelling/image/320iblack.jpg'),
(586, 5, 17, 84, 4, 2, 9, 2, 1, 1, 1, 4, '/CarSelling/image/beetleyellow.jpg'),
(587, 6, 17, 84, 4, 2, 9, 2, 1, 1, 1, 4, '/CarSelling/image/rooxsilver.jpg'),
(588, 3, 17, 84, 4, 2, 9, 1, 1, 1, 1, 4, '/CarSelling/image/320ired.jpg'),
(589, 2, 17, 84, 4, 2, 9, 4, 1, 1, 1, 4, '/CarSelling/image/320iblack.jpg'),
(590, 3, 11, 85, 4, 3, 2, 2, 1, 1, 1, 7, '/CarSelling/image/320ired.jpg'),
(591, 2, 11, 85, 4, 3, 2, 3, 1, 1, 1, 7, '/CarSelling/image/320iblack.jpg'),
(592, 1, 11, 85, 4, 3, 2, 4, 1, 1, 1, 7, '/CarSelling/image/m2white.jpg'),
(593, 4, 11, 85, 4, 3, 2, 5, 1, 1, 1, 7, '/CarSelling/image/benz350pink.jpg'),
(594, 5, 12, 85, 4, 3, 3, 2, 1, 1, 1, 7, '/CarSelling/image/beetleyellow.jpg'),
(595, 6, 12, 85, 4, 3, 3, 2, 1, 1, 1, 7, '/CarSelling/image/rooxsilver.jpg'),
(596, 7, 12, 85, 4, 3, 3, 4, 1, 1, 1, 7, '/CarSelling/image/fitgray.jpg'),
(597, 8, 12, 85, 4, 3, 3, 4, 1, 1, 1, 7, '/CarSelling/image/beetleyellow.jpg'),
(598, 5, 13, 85, 4, 3, 4, 8, 1, 1, 1, 7, '/CarSelling/image/beetleyellow.jpg'),
(599, 6, 13, 85, 4, 3, 4, 8, 1, 1, 1, 7, '/CarSelling/image/rooxsilver.jpg'),
(600, 7, 13, 85, 4, 3, 4, 4, 1, 1, 1, 7, '/CarSelling/image/fitgray.jpg'),
(601, 1, 13, 85, 4, 3, 4, 2, 1, 1, 1, 7, '/CarSelling/image/m2white.jpg'),
(602, 2, 4, 86, 4, 7, 3, 6, 1, 1, 1, 4, '/CarSelling/image/320iblack.jpg'),
(603, 3, 4, 86, 4, 7, 3, 7, 1, 1, 1, 4, '/CarSelling/image/320ired.jpg'),
(604, 4, 4, 86, 4, 7, 3, 8, 1, 1, 1, 4, '/CarSelling/image/benz350pink.jpg'),
(605, 4, 5, 86, 4, 7, 4, 8, 1, 1, 1, 4, '/CarSelling/image/benz350pink.jpg'),
(606, 5, 5, 86, 4, 7, 4, 4, 1, 1, 1, 4, '/CarSelling/image/beetleyellow.jpg'),
(607, 2, 5, 86, 4, 7, 4, 4, 1, 1, 1, 4, '/CarSelling/image/320iblack.jpg'),
(608, 2, 6, 86, 4, 7, 5, 5, 1, 1, 1, 4, '/CarSelling/image/320iblack.jpg'),
(609, 7, 6, 86, 4, 7, 5, 6, 1, 1, 1, 4, '/CarSelling/image/fitgray.jpg'),
(610, 6, 6, 86, 4, 7, 5, 6, 1, 1, 1, 4, '/CarSelling/image/rooxsilver.jpg'),
(611, 3, 7, 86, 4, 7, 6, 2, 1, 1, 1, 4, '/CarSelling/image/320ired.jpg'),
(612, 4, 7, 86, 4, 7, 6, 2, 1, 1, 1, 4, '/CarSelling/image/benz350pink.jpg'),
(613, 7, 7, 86, 4, 7, 6, 1, 1, 1, 1, 4, '/CarSelling/image/fitgray.jpg'),
(614, 3, 12, 87, 4, 5, 6, 3, 1, 1, 1, 4, '/CarSelling/image/320ired.jpg'),
(615, 2, 12, 87, 4, 5, 6, 6, 1, 1, 1, 4, '/CarSelling/image/320iblack.jpg'),
(616, 4, 12, 87, 4, 5, 6, 7, 1, 1, 1, 4, '/CarSelling/image/benz350pink.jpg'),
(617, 5, 12, 87, 4, 5, 6, 8, 1, 1, 1, 4, '/CarSelling/image/beetleyellow.jpg'),
(618, 3, 13, 87, 4, 5, 7, 5, 1, 1, 1, 4, '/CarSelling/image/320ired.jpg'),
(619, 2, 13, 87, 4, 5, 7, 4, 1, 1, 1, 4, '/CarSelling/image/320iblack.jpg'),
(620, 2, 13, 87, 4, 5, 7, 2, 1, 1, 1, 4, '/CarSelling/image/320iblack.jpg'),
(621, 1, 13, 87, 4, 5, 8, 1, 1, 1, 1, 4, '/CarSelling/image/m2white.jpg'),
(622, 2, 9, 88, 4, 3, 2, 8, 1, 1, 1, 8, '/CarSelling/image/320iblack.jpg'),
(623, 3, 9, 88, 4, 3, 2, 7, 1, 1, 1, 8, '/CarSelling/image/320ired.jpg'),
(624, 4, 9, 88, 4, 3, 2, 4, 1, 1, 1, 8, '/CarSelling/image/benz350pink.jpg'),
(625, 4, 9, 88, 4, 3, 2, 5, 1, 1, 1, 8, '/CarSelling/image/benz350pink.jpg'),
(626, 2, 10, 88, 4, 3, 2, 6, 1, 1, 1, 8, '/CarSelling/image/320iblack.jpg'),
(627, 3, 10, 88, 4, 3, 2, 2, 1, 1, 1, 8, '/CarSelling/image/320ired.jpg'),
(628, 5, 10, 88, 4, 3, 2, 2, 1, 1, 1, 8, '/CarSelling/image/beetleyellow.jpg'),
(629, 7, 10, 88, 4, 3, 2, 7, 1, 1, 1, 8, '/CarSelling/image/fitgray.jpg'),
(630, 7, 11, 88, 4, 3, 3, 1, 1, 1, 1, 8, '/CarSelling/image/fitgray.jpg'),
(631, 6, 11, 88, 4, 3, 3, 3, 1, 1, 1, 8, '/CarSelling/image/rooxsilver.jpg'),
(632, 4, 11, 88, 4, 3, 3, 4, 1, 1, 1, 8, '/CarSelling/image/benz350pink.jpg'),
(633, 2, 11, 88, 4, 3, 3, 5, 1, 1, 1, 8, '/CarSelling/image/320iblack.jpg'),
(634, 4, 6, 89, 4, 3, 3, 5, 1, 1, 1, 8, '/CarSelling/image/benz350pink.jpg'),
(635, 3, 6, 89, 4, 3, 3, 4, 1, 1, 1, 8, '/CarSelling/image/320ired.jpg'),
(636, 2, 6, 89, 4, 3, 3, 4, 1, 1, 1, 8, '/CarSelling/image/320iblack.jpg'),
(637, 1, 6, 89, 4, 3, 3, 2, 1, 1, 1, 8, '/CarSelling/image/m2white.jpg'),
(638, 5, 7, 89, 4, 3, 4, 1, 1, 1, 1, 8, '/CarSelling/image/beetleyellow.jpg'),
(639, 4, 7, 89, 4, 3, 4, 5, 1, 1, 1, 8, '/CarSelling/image/benz350pink.jpg'),
(640, 7, 7, 89, 4, 3, 4, 6, 1, 1, 1, 8, '/CarSelling/image/fitgray.jpg'),
(641, 8, 7, 89, 4, 3, 4, 7, 1, 1, 1, 8, '/CarSelling/image/beetleyellow.jpg'),
(642, 4, 8, 89, 4, 3, 5, 8, 1, 1, 1, 8, '/CarSelling/image/benz350pink.jpg'),
(643, 3, 8, 89, 4, 3, 5, 4, 1, 1, 1, 8, '/CarSelling/image/320ired.jpg'),
(644, 2, 8, 89, 4, 3, 5, 2, 1, 1, 1, 8, '/CarSelling/image/320iblack.jpg'),
(645, 6, 8, 89, 4, 3, 5, 2, 1, 1, 1, 8, '/CarSelling/image/rooxsilver.jpg'),
(646, 1, 3, 78, 2, 4, 2, 1, 1, 1, 1, 4, '/CarSelling/image/m2white.jpg'),
(647, 2, 3, 78, 2, 4, 2, 2, 1, 1, 1, 4, '/CarSelling/image/320iblack.jpg'),
(648, 3, 3, 78, 2, 4, 2, 3, 1, 1, 1, 4, '/CarSelling/image/320ired.jpg'),
(649, 4, 3, 78, 2, 4, 2, 4, 1, 1, 1, 4, '/CarSelling/image/benz350pink.jpg'),
(650, 5, 4, 78, 2, 4, 3, 5, 1, 1, 1, 4, '/CarSelling/image/beetleyellow.jpg'),
(651, 6, 4, 78, 2, 4, 3, 6, 1, 1, 1, 4, '/CarSelling/image/rooxsilver.jpg'),
(652, 7, 4, 78, 2, 4, 3, 7, 1, 1, 1, 4, '/CarSelling/image/fitgray.jpg'),
(653, 1, 4, 78, 2, 4, 3, 8, 1, 1, 1, 4, '/CarSelling/image/m2white.jpg'),
(654, 2, 12, 79, 2, 1, 2, 1, 1, 1, 1, 4, '/CarSelling/image/320iblack.jpg'),
(655, 3, 12, 79, 2, 1, 2, 2, 1, 1, 1, 4, '/CarSelling/image/320ired.jpg'),
(656, 4, 12, 79, 2, 1, 2, 3, 1, 1, 1, 4, '/CarSelling/image/benz350pink.jpg'),
(657, 5, 12, 79, 2, 1, 2, 4, 1, 1, 1, 4, '/CarSelling/image/beetleyellow.jpg'),
(658, 6, 13, 79, 2, 1, 3, 5, 1, 1, 1, 4, '/CarSelling/image/rooxsilver.jpg'),
(659, 7, 13, 79, 2, 1, 3, 6, 1, 1, 1, 4, '/CarSelling/image/fitgray.jpg'),
(660, 8, 13, 79, 2, 1, 3, 8, 1, 1, 1, 4, '/CarSelling/image/beetleyellow.jpg'),
(661, 1, 13, 79, 2, 1, 3, 7, 1, 1, 1, 4, '/CarSelling/image/m2white.jpg'),
(662, 2, 11, 80, 2, 10, 4, 1, 1, 1, 1, 10, '/CarSelling/image/320iblack.jpg'),
(663, 3, 11, 80, 2, 10, 4, 2, 1, 1, 1, 10, '/CarSelling/image/passored.jpg'),
(664, 4, 11, 80, 2, 10, 4, 3, 1, 1, 1, 10, '/CarSelling/image/benz350pink.jpg'),
(665, 5, 11, 80, 2, 10, 4, 4, 1, 1, 1, 10, '/CarSelling/image/beetleyellow.jpg'),
(666, 6, 12, 80, 2, 10, 5, 5, 1, 1, 1, 10, '/CarSelling/image/rooxsilver.jpg'),
(667, 7, 12, 80, 2, 10, 5, 8, 1, 1, 1, 10, '/CarSelling/image/fitgray.jpg'),
(668, 8, 12, 80, 2, 10, 5, 6, 1, 1, 1, 10, '/CarSelling/image/beetleyellow.jpg');
INSERT INTO `checkall` (`carId`, `colorId`, `modelId`, `carNameId`, `carTypeId`, `eId`, `priceId`, `licenceId`, `control`, `petrol`, `handDrive`, `companyId`, `photo`) VALUES
(669, 9, 12, 80, 2, 10, 5, 7, 1, 1, 1, 10, '/CarSelling/image/evoblue.jpg'),
(670, 2, 5, 1, 1, 4, 3, 1, 1, 1, 1, 4, '/CarSelling/image/m2white.jpg'),
(671, 1, 6, 1, 1, 4, 3, 2, 1, 1, 1, 4, '/CarSelling/image/320iblack.jpg'),
(672, 3, 5, 1, 1, 4, 3, 1, 1, 1, 1, 4, '/CarSelling/image/passored.jpg'),
(673, 2, 4, 1, 1, 4, 4, 1, 1, 1, 1, 4, '/CarSelling/image/320iblack.jpg'),
(674, 1, 5, 1, 1, 4, 3, 1, 1, 1, 1, 4, '/CarSelling/image/m2white.jpg'),
(675, 1, 14, 29, 3, 2, 4, 1, 1, 1, 1, 8, '/CarSelling/image/fitwhite.jpg'),
(676, 1, 14, 29, 3, 2, 4, 1, 1, 1, 1, 8, '/CarSelling/image/fitwhite.jpg');

-- --------------------------------------------------------

--
-- Stand-in structure for view `checkallresult`
-- (See below for the actual view)
--
CREATE TABLE `checkallresult` (
`carId` int(11)
,`color` varchar(45)
,`enginePower` varchar(45)
,`town` varchar(45)
,`model` varchar(45)
,`name` varchar(45)
,`carTypeName` varchar(45)
,`pricerange` varchar(45)
);

-- --------------------------------------------------------

--
-- Stand-in structure for view `checkallresult1`
-- (See below for the actual view)
--
CREATE TABLE `checkallresult1` (
`carId` int(11)
,`carTypeName` varchar(45)
,`name` varchar(45)
,`pricerange` varchar(45)
,`model` varchar(45)
,`color` varchar(45)
,`town` varchar(45)
,`enginePower` varchar(45)
,`control` int(11)
,`petrol` int(11)
,`handDrive` int(11)
,`photo` varchar(200)
);

-- --------------------------------------------------------

--
-- Table structure for table `company`
--

CREATE TABLE `company` (
  `companyId` int(11) NOT NULL,
  `companyName` varchar(45) DEFAULT NULL,
  `country` varchar(45) DEFAULT NULL
) ENGINE=InnoDB DEFAULT CHARSET=latin1;

--
-- Dumping data for table `company`
--

INSERT INTO `company` (`companyId`, `companyName`, `country`) VALUES
(1, 'Frod', 'japan'),
(2, 'Mazda', 'japan'),
(3, 'Mercedes', 'japan'),
(4, 'Toyota', 'japan'),
(5, 'Nissan', 'japan'),
(6, 'BMW', 'Euproe'),
(7, 'Mitsubishi', 'japan'),
(8, 'Honda', 'japan'),
(9, 'suzuki', 'japan'),
(10, 'Volkswagen', 'japan'),
(11, 'Audi', 'japan'),
(12, 'Hyundai', 'japan'),
(13, 'yutong', 'japan'),
(14, 'Higer', 'japan'),
(15, 'Hino', 'japan'),
(16, 'Scania', 'japan');

-- --------------------------------------------------------

--
-- Table structure for table `customer`
--

CREATE TABLE `customer` (
  `customerId` int(11) NOT NULL,
  `carId` int(11) NOT NULL,
  `customerName` varchar(45) DEFAULT NULL,
  `phoneNo` varchar(45) DEFAULT NULL,
  `address` varchar(45) DEFAULT NULL,
  `buyingDate` varchar(45) DEFAULT NULL,
  `noOfCars` int(11) DEFAULT NULL,
  `totalPrice` varchar(45) DEFAULT NULL
) ENGINE=InnoDB DEFAULT CHARSET=latin1;

--
-- Dumping data for table `customer`
--

INSERT INTO `customer` (`customerId`, `carId`, `customerName`, `phoneNo`, `address`, `buyingDate`, `noOfCars`, `totalPrice`) VALUES
(1, 1, 'Kyaw Zin', '0976554440', 'Yangon', '1.1.2018', 2, '600'),
(2, 2, 'Kyaw Kyaw', '0987766590', 'Mandalay', '8.8.2018', 1, '200');

-- --------------------------------------------------------

--
-- Table structure for table `price`
--

CREATE TABLE `price` (
  `priceId` int(11) NOT NULL,
  `pricerange` varchar(45) DEFAULT NULL
) ENGINE=InnoDB DEFAULT CHARSET=latin1;

--
-- Dumping data for table `price`
--

INSERT INTO `price` (`priceId`, `pricerange`) VALUES
(1, '100-150'),
(2, '150-200'),
(3, '200-250'),
(4, '250-300'),
(5, '300-350'),
(6, '350-400'),
(7, '400-450'),
(8, '450-500'),
(9, '500-550'),
(10, '550-600'),
(11, '600-650'),
(12, '650-700'),
(13, '700-750'),
(14, '750-800'),
(15, '800-850'),
(16, '850-900'),
(17, '900-950'),
(18, '950-1000'),
(19, '1000-1050'),
(20, '1050-1100'),
(21, '1100-1150'),
(22, '1150-1200'),
(23, '1200-1250'),
(24, '1250-1300');

-- --------------------------------------------------------

--
-- Structure for view `checkallresult`
--
DROP TABLE IF EXISTS `checkallresult`;

CREATE ALGORITHM=UNDEFINED DEFINER=`root`@`localhost` SQL SECURITY DEFINER VIEW `checkallresult`  AS  select `checkall`.`carId` AS `carId`,`carcolor`.`color` AS `color`,`carenginepower`.`enginePower` AS `enginePower`,`carlicence`.`town` AS `town`,`carmodel`.`model` AS `model`,`carname`.`name` AS `name`,`cartype`.`carTypeName` AS `carTypeName`,`price`.`pricerange` AS `pricerange` from (((((((`checkall` join `price`) join `cartype`) join `carname`) join `carmodel`) join `carlicence`) join `carenginepower`) join `carcolor`) where ((`checkall`.`colorId` = `carcolor`.`colorId`) and (`checkall`.`modelId` = `carmodel`.`modelId`) and (`checkall`.`carNameId` = `carname`.`carNameId`) and (`checkall`.`carTypeId` = `cartype`.`carTypeId`) and (`checkall`.`licenceId` = `carlicence`.`licenceId`) and (`checkall`.`eId` = `carenginepower`.`eId`) and (`checkall`.`priceId` = `price`.`priceId`)) ;

-- --------------------------------------------------------

--
-- Structure for view `checkallresult1`
--
DROP TABLE IF EXISTS `checkallresult1`;

CREATE ALGORITHM=UNDEFINED DEFINER=`root`@`localhost` SQL SECURITY DEFINER VIEW `checkallresult1`  AS  select `checkall`.`carId` AS `carId`,`cartype`.`carTypeName` AS `carTypeName`,`carname`.`name` AS `name`,`price`.`pricerange` AS `pricerange`,`carmodel`.`model` AS `model`,`carcolor`.`color` AS `color`,`carlicence`.`town` AS `town`,`carenginepower`.`enginePower` AS `enginePower`,`checkall`.`control` AS `control`,`checkall`.`petrol` AS `petrol`,`checkall`.`handDrive` AS `handDrive`,`checkall`.`photo` AS `photo` from (((((((`checkall` join `price`) join `cartype`) join `carname`) join `carmodel`) join `carlicence`) join `carenginepower`) join `carcolor`) where ((`checkall`.`colorId` = `carcolor`.`colorId`) and (`checkall`.`modelId` = `carmodel`.`modelId`) and (`checkall`.`carNameId` = `carname`.`carNameId`) and (`checkall`.`carTypeId` = `cartype`.`carTypeId`) and (`checkall`.`licenceId` = `carlicence`.`licenceId`) and (`checkall`.`eId` = `carenginepower`.`eId`) and (`checkall`.`priceId` = `price`.`priceId`)) ;

--
-- Indexes for dumped tables
--

--
-- Indexes for table `admin`
--
ALTER TABLE `admin`
  ADD PRIMARY KEY (`adminId`);

--
-- Indexes for table `carcolor`
--
ALTER TABLE `carcolor`
  ADD PRIMARY KEY (`colorId`);

--
-- Indexes for table `carenginepower`
--
ALTER TABLE `carenginepower`
  ADD PRIMARY KEY (`eId`);

--
-- Indexes for table `carlicence`
--
ALTER TABLE `carlicence`
  ADD PRIMARY KEY (`licenceId`);

--
-- Indexes for table `carmodel`
--
ALTER TABLE `carmodel`
  ADD PRIMARY KEY (`modelId`);

--
-- Indexes for table `carname`
--
ALTER TABLE `carname`
  ADD PRIMARY KEY (`carNameId`);

--
-- Indexes for table `cartype`
--
ALTER TABLE `cartype`
  ADD PRIMARY KEY (`carTypeId`);

--
-- Indexes for table `checkall`
--
ALTER TABLE `checkall`
  ADD PRIMARY KEY (`carId`);

--
-- Indexes for table `company`
--
ALTER TABLE `company`
  ADD PRIMARY KEY (`companyId`);

--
-- Indexes for table `customer`
--
ALTER TABLE `customer`
  ADD PRIMARY KEY (`customerId`,`carId`);

--
-- Indexes for table `price`
--
ALTER TABLE `price`
  ADD PRIMARY KEY (`priceId`);

--
-- AUTO_INCREMENT for dumped tables
--

--
-- AUTO_INCREMENT for table `admin`
--
ALTER TABLE `admin`
  MODIFY `adminId` int(11) NOT NULL AUTO_INCREMENT, AUTO_INCREMENT=3;
--
-- AUTO_INCREMENT for table `carcolor`
--
ALTER TABLE `carcolor`
  MODIFY `colorId` int(11) NOT NULL AUTO_INCREMENT, AUTO_INCREMENT=10;
--
-- AUTO_INCREMENT for table `carenginepower`
--
ALTER TABLE `carenginepower`
  MODIFY `eId` int(11) NOT NULL AUTO_INCREMENT, AUTO_INCREMENT=19;
--
-- AUTO_INCREMENT for table `carlicence`
--
ALTER TABLE `carlicence`
  MODIFY `licenceId` int(11) NOT NULL AUTO_INCREMENT, AUTO_INCREMENT=9;
--
-- AUTO_INCREMENT for table `carmodel`
--
ALTER TABLE `carmodel`
  MODIFY `modelId` int(11) NOT NULL AUTO_INCREMENT, AUTO_INCREMENT=20;
--
-- AUTO_INCREMENT for table `carname`
--
ALTER TABLE `carname`
  MODIFY `carNameId` int(11) NOT NULL AUTO_INCREMENT, AUTO_INCREMENT=124;
--
-- AUTO_INCREMENT for table `cartype`
--
ALTER TABLE `cartype`
  MODIFY `carTypeId` int(11) NOT NULL AUTO_INCREMENT, AUTO_INCREMENT=9;
--
-- AUTO_INCREMENT for table `company`
--
ALTER TABLE `company`
  MODIFY `companyId` int(11) NOT NULL AUTO_INCREMENT, AUTO_INCREMENT=17;
--
-- AUTO_INCREMENT for table `customer`
--
ALTER TABLE `customer`
  MODIFY `customerId` int(11) NOT NULL AUTO_INCREMENT, AUTO_INCREMENT=3;
--
-- AUTO_INCREMENT for table `price`
--
ALTER TABLE `price`
  MODIFY `priceId` int(11) NOT NULL AUTO_INCREMENT, AUTO_INCREMENT=25;
/*!40101 SET CHARACTER_SET_CLIENT=@OLD_CHARACTER_SET_CLIENT */;
/*!40101 SET CHARACTER_SET_RESULTS=@OLD_CHARACTER_SET_RESULTS */;
/*!40101 SET COLLATION_CONNECTION=@OLD_COLLATION_CONNECTION */;
